plz,PLR_ID,overlap_area_m2,plz_area_m2,plr_area_m2,pct_of_plz,pct_of_plr
10115,01100309,201943.9725,2305932.5489,1010830.0167,0.0876,0.1998
10115,01100416,105455.0091,2305932.5489,601692.4922,0.0457,0.1753
10115,01100415,730116.9382,2305932.5489,779748.8347,0.3166,0.9363
10115,01100414,372505.6128,2305932.5489,372838.8671,0.1615,0.9991
10115,01100308,892539.5210,2305932.5489,1681761.3063,0.3871,0.5307
10115,01200624,3284.9711,2305932.5489,687650.8193,0.0014,0.0048
10117,01100312,3723.8244,3439324.4871,643280.2405,0.0011,0.0058
10117,01100207,591920.5471,3439324.4871,763233.0906,0.1721,0.7755
10117,01100206,1129706.8776,3439324.4871,1296544.3869,0.3285,0.8713
10117,01100205,633243.4791,3439324.4871,634327.7446,0.1841,0.9983
10117,01100309,282674.6403,3439324.4871,1010830.0167,0.0822,0.2796
10117,01200628,1845.1311,3439324.4871,745239.8567,0.0005,0.0025
10117,01100308,787967.2105,3439324.4871,1681761.3063,0.2291,0.4685
10117,01100102,7363.8954,3439324.4871,3917862.2690,0.0021,0.0019
10119,01100309,278592.6987,974943.6768,1010830.0167,0.2858,0.2756
10119,01100416,316609.6116,974943.6768,601692.4922,0.3247,0.5262
10119,01100310,86330.6658,974943.6768,1364458.4469,0.0885,0.0633
10119,01100415,48714.7534,974943.6768,779748.8347,0.0500,0.0625
10119,03701556,45966.9095,974943.6768,506805.7785,0.0471,0.0907
10119,03701554,198729.0378,974943.6768,548204.6587,0.2038,0.3625
10178,02400520,3012.7588,1857716.2642,941069.2717,0.0016,0.0032
10178,01100312,1410.5317,1857716.2642,643280.2405,0.0008,0.0022
10178,01100207,131252.0021,1857716.2642,763233.0906,0.0707,0.1720
10178,01100206,164180.0745,1857716.2642,1296544.3869,0.0884,0.1266
10178,01100309,245621.9868,1857716.2642,1010830.0167,0.1322,0.2430
10178,01100310,955883.5270,1857716.2642,1364458.4469,0.5145,0.7006
10178,01100311,356329.3106,1857716.2642,807539.0333,0.1918,0.4413
10179,01100313,716142.2969,2198394.5797,717692.5177,0.3258,0.9978
10179,01100312,635193.3010,2198394.5797,643280.2405,0.2889,0.9874
10179,01100207,40023.2587,2198394.5797,763233.0906,0.0182,0.0524
10179,01100309,1996.7185,2198394.5797,1010830.0167,0.0009,0.0020
10179,01100310,321671.2263,2198394.5797,1364458.4469,0.1463,0.2358
10179,01100311,450674.3254,2198394.5797,807539.0333,0.2050,0.5581
10179,02400623,32230.3785,2198394.5797,921236.3578,0.0147,0.0350
10243,02500834,29755.8348,2851629.9015,494310.8879,0.0104,0.0602
10243,02500833,35963.0234,2851629.9015,339967.1175,0.0126,0.1058
10243,02500830,15186.4652,2851629.9015,165383.8562,0.0053,0.0918
10243,02500727,14599.9448,2851629.9015,337834.2608,0.0051,0.0432
10243,02400522,126853.6987,2851629.9015,554245.8505,0.0445,0.2289
10243,02400521,327481.6115,2851629.9015,731076.5145,0.1148,0.4479
10243,02300316,523.7634,2851629.9015,471175.5308,0.0002,0.0011
10243,02400623,889005.9793,2851629.9015,921236.3578,0.3118,0.9650
10243,02400624,559551.9219,2851629.9015,564374.0575,0.1962,0.9915
10243,02400625,852180.2032,2851629.9015,863939.2885,0.2988,0.9864
10245,02500836,1100219.6139,3403997.4302,1116403.6852,0.3232,0.9855
10245,02500835,1350822.8985,3403997.4302,1354440.9844,0.3968,0.9973
10245,02500834,464571.2834,3403997.4302,494310.8879,0.1365,0.9398
10245,02500831,31639.2401,3403997.4302,248855.3570,0.0093,0.1271
10245,02500833,304007.4822,3403997.4302,339967.1175,0.0893,0.8942
10245,02500832,85268.6080,3403997.4302,369369.4934,0.0250,0.2308
10245,02500830,49541.3403,3403997.4302,165383.8562,0.0146,0.2996
10245,09100101,935.3135,3403997.4302,2312929.3151,0.0003,0.0004
10245,02400624,4822.1356,3403997.4302,564374.0575,0.0014,0.0085
10245,02400625,11801.1947,3403997.4302,863939.2885,0.0035,0.0137
10247,02500831,217216.1168,1795235.0088,248855.3570,0.1210,0.8729
10247,02500832,283838.5247,1795235.0088,369369.4934,0.1581,0.7684
10247,02500729,316976.4472,1795235.0088,322302.3457,0.1766,0.9835
10247,02500728,310442.2948,1795235.0088,310442.2948,0.1729,1.0000
10247,02500830,100656.0507,1795235.0088,165383.8562,0.0561,0.6086
10247,02500727,303524.1926,1795235.0088,337834.2608,0.1691,0.8984
10247,02400522,4112.4962,1795235.0088,554245.8505,0.0023,0.0074
10247,03601453,257971.1651,1795235.0088,576981.1692,0.1437,0.4471
10249,02500727,19722.9621,2278068.1316,337834.2608,0.0087,0.0584
10249,02400522,423018.2065,2278068.1316,554245.8505,0.1857,0.7632
10249,02500726,308658.9878,2278068.1316,309282.2761,0.1355,0.9980
10249,02400521,403568.9473,2278068.1316,731076.5145,0.1772,0.5520
10249,02400520,839286.1024,2278068.1316,941069.2717,0.3684,0.8918
10249,03601453,280514.3890,2278068.1316,576981.1692,0.1231,0.4862
10249,03701660,2969.4277,2278068.1316,574943.5734,0.0013,0.0052
10315,11401034,308516.1940,3443283.6996,1732269.1286,0.0896,0.1781
10315,11400930,403263.7416,3443283.6996,403855.0568,0.1171,0.9985
10315,11400929,161616.8088,3443283.6996,841798.8761,0.0469,0.1920
10315,11401137,33396.3838,3443283.6996,717634.1922,0.0097,0.0465
10315,11401136,242022.2641,3443283.6996,796881.8735,0.0703,0.3037
10315,11401033,449335.7914,3443283.6996,453024.0411,0.1305,0.9919
10315,11400931,395650.8709,3443283.6996,415166.7982,0.1149,0.9530
10315,11300721,1038917.4644,3443283.6996,3860896.4716,0.3017,0.2691
10315,11401032,410431.3129,3443283.6996,567305.1820,0.1192,0.7235
10317,02500836,16138.9685,4201635.8190,1116403.6852,0.0038,0.0145
10317,02500835,3616.5687,4201635.8190,1354440.9844,0.0009,0.0027
10317,11400929,679809.2668,4201635.8190,841798.8761,0.1618,0.8076
10317,11501341,7792.6354,4201635.8190,2292754.9206,0.0019,0.0034
10317,11401135,1809.1108,4201635.8190,699584.5212,0.0004,0.0026
10317,11300826,219988.5001,4201635.8190,1052722.6544,0.0524,0.2090
10317,11400931,19515.4707,4201635.8190,415166.7982,0.0046,0.0470
10317,11400927,370532.9222,4201635.8190,373891.4380,0.0882,0.9910
10317,11400928,499630.2879,4201635.8190,583920.0980,0.1189,0.8556
10317,11501238,2226983.6389,4201635.8190,2400201.7375,0.5300,0.9278
10317,11401032,155297.7887,4201635.8190,567305.1820,0.0370,0.2737
10318,11501340,3241136.9364,6694910.5916,3296042.1754,0.4841,0.9833
10318,11501341,2284936.4469,6694910.5916,2292754.9206,0.3413,0.9966
10318,11501339,993293.8230,6694910.5916,993637.4124,0.1484,0.9997
10318,11401135,916.3373,6694910.5916,699584.5212,0.0001,0.0013
10318,09200510,566.1634,6694910.5916,2329671.8699,0.0001,0.0002
10318,11501238,173040.8428,6694910.5916,2400201.7375,0.0258,0.0721
10318,09200512,784.8029,6694910.5916,4244392.0863,0.0001,0.0002
10319,11401034,1423255.6889,3448410.2747,1732269.1286,0.4127,0.8216
10319,11400930,591.3152,3448410.2747,403855.0568,0.0002,0.0015
10319,11401137,684221.9578,3448410.2747,717634.1922,0.1984,0.9534
10319,11401136,554859.6094,3448410.2747,796881.8735,0.1609,0.6963
10319,11401135,696859.0730,3448410.2747,699584.5212,0.2021,0.9961
10319,11401033,3249.2320,3448410.2747,453024.0411,0.0009,0.0072
10319,11400928,84289.8101,3448410.2747,583920.0980,0.0244,0.1444
10365,11300620,3629.5821,5015175.4516,556457.1604,0.0007,0.0065
10365,11300724,411049.5780,5015175.4516,411049.5780,0.0820,1.0000
10365,11300722,80844.8622,5015175.4516,889265.0035,0.0161,0.0909
10365,11300723,497666.0466,5015175.4516,497666.0466,0.0992,1.0000
10365,11300826,832725.6848,5015175.4516,1052722.6544,0.1660,0.7910
10365,11400927,3350.2067,5015175.4516,373891.4380,0.0007,0.0090
10365,11300721,2501141.1108,5015175.4516,3860896.4716,0.4987,0.6478
10365,11300725,682962.9928,5015175.4516,683047.3396,0.1362,0.9999
10365,11401032,1517.4729,5015175.4516,567305.1820,0.0003,0.0027
10367,02500729,5282.9729,1720189.8595,322302.3457,0.0031,0.0164
10367,11300620,531702.9950,1720189.8595,556457.1604,0.3091,0.9555
10367,11300617,4026.3692,1720189.8595,474510.8846,0.0023,0.0085
10367,11300619,56048.7727,1720189.8595,372423.7348,0.0326,0.1505
10367,11300722,802353.6710,1720189.8595,889265.0035,0.4664,0.9023
10367,11200514,1131.1342,1720189.8595,939543.3477,0.0007,0.0012
10367,11300721,319565.9711,1720189.8595,3860896.4716,0.1858,0.0828
10369,11300616,416462.4805,1551985.6620,416740.3203,0.2683,0.9993
10369,11300620,20905.6772,1551985.6620,556457.1604,0.0135,0.0376
10369,11300617,470484.4363,1551985.6620,474510.8846,0.3031,0.9915
10369,11300619,316374.9621,1551985.6620,372423.7348,0.2039,0.8495
10369,11300618,320976.1072,1551985.6620,321018.4796,0.2068,0.9999
10369,11300722,6062.6872,1551985.6620,889265.0035,0.0039,0.0068
10405,03701657,441110.9649,1887168.4019,441113.1495,0.2337,1.0000
10405,03601245,61391.4033,1887168.4019,965541.4327,0.0325,0.0636
10405,03601451,152238.9732,1887168.4019,546602.4131,0.0807,0.2785
10405,03601449,3467.2320,1887168.4019,857869.7095,0.0018,0.0040
10405,03601348,10264.0404,1887168.4019,219808.0361,0.0054,0.0467
10405,03701658,232706.6751,1887168.4019,232706.6751,0.1233,1.0000
10405,03701659,411270.7199,1887168.4019,411297.3972,0.2179,0.9999
10405,03701556,387782.5155,1887168.4019,506805.7785,0.2055,0.7652
10405,03701555,82651.5808,1887168.4019,314429.3054,0.0438,0.2629
10405,03701554,3735.5277,1887168.4019,548204.6587,0.0020,0.0068
10405,03701660,100439.5925,1887168.4019,574943.5734,0.0532,0.1747
10407,02400520,98761.0485,2799101.0469,941069.2717,0.0353,0.1049
10407,03601451,394099.3218,2799101.0469,546602.4131,0.1408,0.7210
10407,03601452,551869.5145,2799101.0469,551871.7370,0.1972,1.0000
10407,03601450,1210801.7003,2799101.0469,1211380.6664,0.4326,0.9995
10407,03601449,33575.3097,2799101.0469,857869.7095,0.0120,0.0391
10407,03601453,37989.0669,2799101.0469,576981.1692,0.0136,0.0658
10407,03701660,471534.5532,2799101.0469,574943.5734,0.1685,0.8201
10409,03601245,903168.5028,1733461.0465,965541.4327,0.5210,0.9354
10409,03601449,815783.8134,1733461.0465,857869.7095,0.4706,0.9509
10409,03601244,14232.5122,1733461.0465,363968.5330,0.0082,0.0391
10435,01100416,179524.3479,863856.8890,601692.4922,0.2078,0.2984
10435,03601142,4050.5585,863856.8890,907043.5113,0.0047,0.0045
10435,03601348,30035.4582,863856.8890,219808.0361,0.0348,0.1366
10435,03601347,27221.1585,863856.8890,297685.8865,0.0315,0.0914
10435,03701556,73056.3535,863856.8890,506805.7785,0.0846,0.1442
10435,03701555,231777.7247,863856.8890,314429.3054,0.2683,0.7371
10435,03701554,318180.8752,863856.8890,548204.6587,0.3683,0.5804
10437,03601142,757539.8261,1474095.7457,907043.5113,0.5139,0.8352
10437,03601348,179241.5595,1474095.7457,219808.0361,0.1216,0.8154
10437,03601347,262096.1906,1474095.7457,297685.8865,0.1778,0.8804
10437,03601346,193152.1028,1474095.7457,193437.9695,0.1310,0.9985
10437,03601243,41729.3049,1474095.7457,329524.8457,0.0283,0.1266
10437,03601244,12564.5735,1474095.7457,363968.5330,0.0085,0.0345
10437,03701554,27559.2180,1474095.7457,548204.6587,0.0187,0.0503
10439,03601139,384164.5483,1686912.1657,453987.2710,0.2277,0.8462
10439,03400827,26394.1795,1686912.1657,413060.7467,0.0156,0.0639
10439,03601140,280450.2429,1686912.1657,280450.3413,0.1663,1.0000
10439,03601141,286572.3163,1686912.1657,286642.2194,0.1699,0.9998
10439,03601142,75369.8696,1686912.1657,907043.5113,0.0447,0.0831
10439,03601347,8368.5374,1686912.1657,297685.8865,0.0050,0.0281
10439,03601243,287711.3240,1686912.1657,329524.8457,0.1706,0.8731
10439,03601244,336977.1922,1686912.1657,363968.5330,0.1998,0.9258
10551,01200521,27414.2899,1013844.9361,166524.5774,0.0270,0.1646
10551,01200517,188975.7306,1013844.9361,2483751.0804,0.1864,0.0761
10551,01200519,317718.6424,1013844.9361,346987.5347,0.3134,0.9156
10551,01200520,426947.6870,1013844.9361,429746.3489,0.4211,0.9935
10551,01200625,24943.7082,1013844.9361,324942.9677,0.0246,0.0768
10551,01200623,7077.8119,1013844.9361,896032.8427,0.0070,0.0079
10551,01200626,1681.1663,1013844.9361,552569.6034,0.0017,0.0030
10551,01200522,19047.5894,1013844.9361,639144.0472,0.0188,0.0298
10553,04300518,44389.3158,1607574.0981,1375972.9345,0.0276,0.0323
10553,01200518,236696.5304,1607574.0981,236734.8409,0.1472,0.9998
10553,01200521,8857.5082,1607574.0981,166524.5774,0.0055,0.0532
10553,01200517,1287557.4606,1607574.0981,2483751.0804,0.8009,0.5184
10553,01200519,29261.6100,1607574.0981,346987.5347,0.0182,0.0843
10553,01200522,624.4946,1607574.0981,639144.0472,0.0004,0.0010
10555,01200521,130252.7793,962696.9753,166524.5774,0.1353,0.7822
10555,01200517,11955.2005,962696.9753,2483751.0804,0.0124,0.0048
10555,01200626,19402.2481,962696.9753,552569.6034,0.0202,0.0351
10555,01200522,619455.1423,962696.9753,639144.0472,0.6435,0.9692
10555,01200629,181273.5695,962696.9753,533064.0915,0.1883,0.3401
10557,01100206,2400.8743,3793791.8288,1296544.3869,0.0006,0.0019
10557,01200623,470470.4061,3793791.8288,896032.8427,0.1240,0.5251
10557,01200627,165043.3637,3793791.8288,174266.3006,0.0435,0.9471
10557,01200628,742257.0473,3793791.8288,745239.8567,0.1957,0.9960
10557,01200626,241709.8817,3793791.8288,552569.6034,0.0637,0.4374
10557,01200629,351789.6938,3793791.8288,533064.0915,0.0927,0.6599
10557,01300836,13472.1421,3793791.8288,1440720.0388,0.0036,0.0094
10557,01200624,680768.4616,3793791.8288,687650.8193,0.1794,0.9900
10557,01100102,1125604.6710,3793791.8288,3917862.2690,0.2967,0.2873
10559,01200517,198832.5889,1221539.3113,2483751.0804,0.1628,0.0801
10559,01200520,2796.0282,1221539.3113,429746.3489,0.0023,0.0065
10559,01200625,299999.2595,1221539.3113,324942.9677,0.2456,0.9232
10559,01200623,418484.6247,1221539.3113,896032.8427,0.3426,0.4670
10559,01200627,9222.9369,1221539.3113,174266.3006,0.0076,0.0529
10559,01200628,1137.6782,1221539.3113,745239.8567,0.0009,0.0015
10559,01200626,289776.3072,1221539.3113,552569.6034,0.2372,0.5244
10559,01200624,1289.8873,1221539.3113,687650.8193,0.0011,0.0019
10585,04300619,102162.4790,772951.1209,536472.5222,0.1322,0.1904
10585,04300621,426406.4843,772951.1209,550471.6833,0.5517,0.7746
10585,04300414,184745.8740,772951.1209,562286.0136,0.2390,0.3286
10585,04300412,4287.8062,772951.1209,1260436.4967,0.0055,0.0034
10585,04300622,55348.4775,772951.1209,959462.7370,0.0716,0.0577
10587,04300518,35645.1047,1465784.0559,1375972.9345,0.0243,0.0259
10587,04300619,434310.0432,1465784.0559,536472.5222,0.2963,0.8096
10587,04300620,632517.3852,1465784.0559,715169.4974,0.4315,0.8844
10587,04300621,10536.9450,1465784.0559,550471.6833,0.0072,0.0191
10587,04300412,1811.9887,1465784.0559,1260436.4967,0.0012,0.0014
10587,04300622,350825.5755,1465784.0559,959462.7370,0.2393,0.3656
10589,04300517,518902.7471,1818192.0338,518902.7471,0.2854,1.0000
10589,04300518,1264153.8240,1818192.0338,1375972.9345,0.6953,0.9187
10589,04100101,5465.0263,1818192.0338,5247991.9833,0.0030,0.0010
10589,04300412,29662.9199,1818192.0338,1260436.4967,0.0163,0.0235
10623,04300620,82125.1775,1162343.9455,715169.4974,0.0707,0.1148
10623,04501041,96332.4417,1162343.9455,464535.0549,0.0829,0.2074
10623,04501042,129261.4334,1162343.9455,603418.5181,0.1112,0.2142
10623,04300622,489221.7463,1162343.9455,959462.7370,0.4209,0.5099
10623,04300624,274419.0509,1162343.9455,534381.0235,0.2361,0.5135
10623,01100102,90983.2675,1162343.9455,3917862.2690,0.0783,0.0232
10625,04300621,66326.8843,626144.3301,550471.6833,0.1059,0.1205
10625,04300623,244688.8807,626144.3301,582450.9712,0.3908,0.4201
10625,04300622,64043.7711,626144.3301,959462.7370,0.1023,0.0667
10625,04300624,250684.8561,626144.3301,534381.0235,0.4004,0.4691
10627,04300621,47201.3698,721044.4841,550471.6833,0.0655,0.0857
10627,04300623,337719.2427,721044.4841,582450.9712,0.4684,0.5798
10627,04300414,21564.5986,721044.4841,562286.0136,0.0299,0.0384
10627,04300416,313933.9633,721044.4841,580416.2356,0.4354,0.5409
10629,04501040,265694.2162,641097.1232,303051.1918,0.4144,0.8767
10629,04501041,145514.3705,641097.1232,464535.0549,0.2270,0.3132
10629,04500936,220395.3987,641097.1232,273415.7245,0.3438,0.8061
10629,04300624,9238.7666,641097.1232,534381.0235,0.0144,0.0173
10707,04501147,11113.5286,845089.5828,248489.5391,0.0132,0.0447
10707,04501146,3670.9573,845089.5828,668177.7029,0.0043,0.0055
10707,04501040,37078.7675,845089.5828,303051.1918,0.0439,0.1224
10707,04501041,111277.7432,845089.5828,464535.0549,0.1317,0.2395
10707,04501044,40033.5395,845089.5828,314765.8580,0.0474,0.1272
10707,04501043,616072.9567,845089.5828,625491.2506,0.7290,0.9849
10707,04500939,22574.6198,845089.5828,756783.3263,0.0267,0.0298
10707,04500936,583.2263,845089.5828,273415.7245,0.0007,0.0021
10707,04500938,2684.2440,845089.5828,517513.5193,0.0032,0.0052
10709,04500939,649501.3232,985973.0308,756783.3263,0.6587,0.8582
10709,04500936,26590.9132,985973.0308,273415.7245,0.0270,0.0973
10709,04500937,26698.2703,985973.0308,709101.3717,0.0271,0.0377
10709,04500938,283047.5328,985973.0308,517513.5193,0.2871,0.5469
10711,04500939,3078.5160,1045420.7186,756783.3263,0.0029,0.0041
10711,04400726,64734.3430,1045420.7186,1427773.1226,0.0619,0.0453
10711,04400725,37996.1048,1045420.7186,543417.6190,0.0363,0.0699
10711,04500936,25487.4405,1045420.7186,273415.7245,0.0244,0.0932
10711,04500937,682128.4965,1045420.7186,709101.3717,0.6525,0.9620
10711,04500938,231781.7425,1045420.7186,517513.5193,0.2217,0.4479
10713,04501151,12423.4523,1288609.3772,323522.7279,0.0096,0.0384
10713,04501150,4484.0357,1288609.3772,294590.9431,0.0035,0.0152
10713,04501147,109685.2299,1288609.3772,248489.5391,0.0851,0.4414
10713,04501148,396413.9986,1288609.3772,419896.4866,0.3076,0.9441
10713,04501146,663633.3370,1288609.3772,668177.7029,0.5150,0.9932
10713,04501044,10590.2995,1288609.3772,314765.8580,0.0082,0.0336
10713,04501043,9405.4093,1288609.3772,625491.2506,0.0073,0.0150
10713,04500939,81627.7702,1288609.3772,756783.3263,0.0633,0.1079
10715,04501151,311098.5226,1176556.9636,323522.7279,0.2644,0.9616
10715,04501150,287679.9877,1176556.9636,294590.9431,0.2445,0.9765
10715,04501153,552678.8031,1176556.9636,585827.1731,0.4697,0.9434
10715,04501152,4377.6999,1176556.9636,349692.5460,0.0037,0.0125
10715,04501149,13718.0640,1176556.9636,441265.4193,0.0117,0.0311
10715,04501147,5817.4082,1176556.9636,248489.5391,0.0049,0.0234
10715,04501146,808.0164,1176556.9636,668177.7029,0.0007,0.0012
10717,04501150,2426.9197,828652.0004,294590.9431,0.0029,0.0082
10717,04501152,221370.4761,828652.0004,349692.5460,0.2671,0.6330
10717,04501149,427547.3553,828652.0004,441265.4193,0.5160,0.9689
10717,04501147,118785.5842,828652.0004,248489.5391,0.1433,0.4780
10717,04501045,40420.2461,828652.0004,590529.4261,0.0488,0.0684
10717,04501044,18082.4346,828652.0004,314765.8580,0.0218,0.0574
10719,04501147,3087.7881,875431.4302,248489.5391,0.0035,0.0124
10719,04501041,111053.9421,875431.4302,464535.0549,0.1269,0.2391
10719,04501042,217026.2540,875431.4302,603418.5181,0.2479,0.3597
10719,04501045,298186.3511,875431.4302,590529.4261,0.3406,0.5049
10719,04501044,246059.5844,875431.4302,314765.8580,0.2811,0.7817
10777,07100103,3524.0677,687793.9493,341874.3023,0.0051,0.0103
10777,07100102,216335.3116,687793.9493,516346.0383,0.3145,0.4190
10777,07100101,304865.5063,687793.9493,620699.3275,0.4433,0.4912
10777,04501045,163069.0636,687793.9493,590529.4261,0.2371,0.2761
10779,07200307,334389.4191,515682.9754,523679.4256,0.6484,0.6385
10779,07100204,10619.8048,515682.9754,514897.5303,0.0206,0.0206
10779,07100101,23291.7109,515682.9754,620699.3275,0.0452,0.0375
10779,04501152,123944.3352,515682.9754,349692.5460,0.2403,0.3544
10779,04501045,23094.8731,515682.9754,590529.4261,0.0448,0.0391
10781,07200307,1304.2164,711865.9400,523679.4256,0.0018,0.0025
10781,07100204,454550.0381,711865.9400,514897.5303,0.6385,0.8828
10781,07100205,1146.7769,711865.9400,317426.7250,0.0016,0.0036
10781,07100103,100752.1539,711865.9400,341874.3023,0.1415,0.2947
10781,07100102,154070.5895,711865.9400,516346.0383,0.2164,0.2984
10783,07100204,11909.9418,635585.0398,514897.5303,0.0187,0.0231
10783,07100205,297623.8179,635585.0398,317426.7250,0.4683,0.9376
10783,07100103,212111.2730,635585.0398,341874.3023,0.3337,0.6204
10783,07100102,4940.8980,635585.0398,516346.0383,0.0078,0.0096
10783,07100206,107278.5647,635585.0398,534488.8145,0.1688,0.2007
10783,02200207,1720.5147,635585.0398,745851.4676,0.0027,0.0023
10785,07100205,12691.9724,3052345.7240,317426.7250,0.0042,0.0400
10785,07100103,19082.5742,3052345.7240,341874.3023,0.0063,0.0558
10785,07100102,19562.6623,3052345.7240,516346.0383,0.0064,0.0379
10785,02200207,234993.9203,3052345.7240,745851.4676,0.0770,0.3151
10785,01100205,1081.7272,3052345.7240,634327.7446,0.0004,0.0017
10785,01100101,38974.1708,3052345.7240,366747.9686,0.0128,0.1063
10785,01100102,1842351.2771,3052345.7240,3917862.2690,0.6036,0.4702
10785,01100104,338340.3384,3052345.7240,338340.3681,0.1108,1.0000
10785,01100103,545010.5209,3052345.7240,546904.5168,0.1786,0.9965
10787,07100103,6404.2336,1438533.1494,341874.3023,0.0045,0.0187
10787,07100102,117250.9208,1438533.1494,516346.0383,0.0815,0.2271
10787,07100101,124126.8473,1438533.1494,620699.3275,0.0863,0.2000
10787,04501042,49753.6081,1438533.1494,603418.5181,0.0346,0.0825
10787,01100101,327773.7978,1438533.1494,366747.9686,0.2279,0.8937
10787,01100102,811315.6004,1438533.1494,3917862.2690,0.5640,0.2071
10787,01100103,1893.9959,1438533.1494,546904.5168,0.0013,0.0035
10789,07100102,4185.6561,445713.0585,516346.0383,0.0094,0.0081
10789,07100101,168391.2876,445713.0585,620699.3275,0.3778,0.2713
10789,04501042,207377.2226,445713.0585,603418.5181,0.4653,0.3437
10789,04501045,65758.8923,445713.0585,590529.4261,0.1475,0.1114
10823,07200409,438795.3420,502634.6939,530324.0652,0.8730,0.8274
10823,07200307,4212.8017,502634.6939,523679.4256,0.0084,0.0080
10823,07100204,37817.7456,502634.6939,514897.5303,0.0752,0.0734
10823,07200411,744.2722,502634.6939,135038.0836,0.0015,0.0055
10823,07200308,20627.5960,502634.6939,626430.0225,0.0410,0.0329
10825,04501153,32754.4306,690982.1987,585827.1731,0.0474,0.0559
10825,07200409,9605.1584,690982.1987,530324.0652,0.0139,0.0181
10825,07200307,183772.9884,690982.1987,523679.4256,0.2660,0.3509
10825,07200308,464773.6778,690982.1987,626430.0225,0.6726,0.7419
10827,07200409,81905.4002,871437.7282,530324.0652,0.0940,0.1544
10827,07200410,250212.9557,871437.7282,250316.6423,0.2871,0.9996
10827,07100206,108977.1389,871437.7282,534488.8145,0.1251,0.2039
10827,07200411,132143.1644,871437.7282,135038.0836,0.1516,0.9786
10827,07300517,13072.7947,871437.7282,636367.6026,0.0150,0.0205
10827,07200308,139520.4605,871437.7282,626430.0225,0.1601,0.2227
10827,07200413,29633.5331,871437.7282,796822.8928,0.0340,0.0372
10827,07300619,75753.5275,871437.7282,2572507.3892,0.0869,0.0294
10827,07300618,39769.0911,871437.7282,567379.6816,0.0456,0.0701
10829,07100206,189474.5102,2638346.1283,534488.8145,0.0718,0.3545
10829,07200414,188845.3853,2638346.1283,263302.1187,0.0716,0.7172
10829,07200411,2150.6470,2638346.1283,135038.0836,0.0008,0.0159
10829,07400822,500723.8143,2638346.1283,1452706.6264,0.1898,0.3447
10829,07200413,644167.5920,2638346.1283,796822.8928,0.2442,0.8084
10829,07200412,231064.0996,2638346.1283,231179.6975,0.0876,0.9995
10829,07300619,881801.2362,2638346.1283,2572507.3892,0.3342,0.3428
10961,02200213,39107.4238,1427847.2608,592194.0445,0.0274,0.0660
10961,02200212,22502.9585,1427847.2608,390944.8435,0.0158,0.0576
10961,02200211,388623.9351,1427847.2608,976604.0117,0.2722,0.3979
10961,02200209,25397.1168,1427847.2608,693230.3290,0.0178,0.0366
10961,02200210,881467.7845,1427847.2608,916332.7971,0.6173,0.9620
10961,02200208,70748.0420,1427847.2608,428668.6720,0.0495,0.1650
10963,02100101,708645.0789,1474728.1428,710372.0986,0.4805,0.9976
10963,02200207,365474.3843,1474728.1428,745851.4676,0.2478,0.4900
10963,02100102,58670.3303,1474728.1428,624144.3885,0.0398,0.0940
10963,02200210,1511.1653,1474728.1428,916332.7971,0.0010,0.0016
10963,02200208,300181.4146,1474728.1428,428668.6720,0.2036,0.7003
10963,01100102,40243.2312,1474728.1428,3917862.2690,0.0273,0.0103
10965,08100101,515797.2098,3188724.0145,865906.2574,0.1618,0.5957
10965,08100102,301146.9949,3188724.0145,589339.0573,0.0944,0.5110
10965,07400721,688523.3098,3188724.0145,4278940.5650,0.2159,0.1609
10965,07100205,5964.1579,3188724.0145,317426.7250,0.0019,0.0188
10965,07100206,128425.3258,3188724.0145,534488.8145,0.0403,0.2403
10965,07200414,74006.8569,3188724.0145,263302.1187,0.0232,0.2811
10965,02200211,587971.9854,3188724.0145,976604.0117,0.1844,0.6021
10965,02200209,667824.8122,3188724.0145,693230.3290,0.2094,0.9634
10965,02200207,143662.6483,3188724.0145,745851.4676,0.0451,0.1926
10965,07400720,17499.0807,3188724.0145,1183857.9095,0.0055,0.0148
10965,02200208,57739.2153,3188724.0145,428668.6720,0.0181,0.1347
10967,08100314,14472.6392,1181539.6577,255784.7915,0.0122,0.0566
10967,08100311,16934.1816,1181539.6577,259444.4983,0.0143,0.0653
10967,08100310,15748.0076,1181539.6577,254597.9949,0.0133,0.0619
10967,02200213,538025.9579,1181539.6577,592194.0445,0.4554,0.9085
10967,02200212,368441.4563,1181539.6577,390944.8435,0.3118,0.9424
10967,08100101,206616.3286,1181539.6577,865906.2574,0.1749,0.2386
10967,02200210,21278.5858,1181539.6577,916332.7971,0.0180,0.0232
10969,02200213,7876.3655,1970657.9567,592194.0445,0.0040,0.0133
10969,02100101,1562.4898,1970657.9567,710372.0986,0.0008,0.0022
10969,02100103,412936.5878,1970657.9567,413050.7225,0.2095,0.9997
10969,02100104,374405.0072,1970657.9567,380352.0392,0.1900,0.9844
10969,02100105,380934.2329,1970657.9567,423141.4697,0.1933,0.9003
10969,02100106,202771.7749,1970657.9567,388751.4475,0.1029,0.5216
10969,02300314,8596.4082,1970657.9567,443709.2622,0.0044,0.0194
10969,01100313,1215.8154,1970657.9567,717692.5177,0.0006,0.0017
10969,01100312,2952.5834,1970657.9567,643280.2405,0.0015,0.0046
10969,02100102,565294.1473,1970657.9567,624144.3885,0.2869,0.9057
10969,02200210,12075.2615,1970657.9567,916332.7971,0.0061,0.0132
10997,02300316,470641.0262,1578088.1195,471175.5308,0.2982,0.9989
10997,02300315,323903.2898,1578088.1195,350724.9231,0.2053,0.9235
10997,02300418,77091.9749,1578088.1195,599450.3094,0.0489,0.1286
10997,02300419,525903.5077,1578088.1195,526426.9022,0.3333,0.9990
10997,02300417,3868.4956,1578088.1195,369498.8033,0.0025,0.0105
10997,02300314,176569.7844,1578088.1195,443709.2622,0.1119,0.3979
10999,02200213,7138.4473,1414726.4306,592194.0445,0.0050,0.0121
10999,02300315,26821.6333,1414726.4306,350724.9231,0.0190,0.0765
10999,02300418,522300.7081,1414726.4306,599450.3094,0.3692,0.8713
10999,02300417,365626.9334,1414726.4306,369498.8033,0.2584,0.9895
10999,02100104,5734.0192,1414726.4306,380352.0392,0.0041,0.0151
10999,02100105,42207.2368,1414726.4306,423141.4697,0.0298,0.0997
10999,02100106,185979.6726,1414726.4306,388751.4475,0.1315,0.4784
10999,02300314,258317.4940,1414726.4306,443709.2622,0.1826,0.5822
12043,08100416,187212.0128,720391.1874,334155.4242,0.2599,0.5603
12043,08100415,176387.6280,720391.1874,255238.5715,0.2448,0.6911
12043,08100207,51052.0109,720391.1874,371580.0119,0.0709,0.1374
12043,08100208,6680.6170,720391.1874,553562.7898,0.0093,0.0121
12043,08100206,95257.1179,720391.1874,421408.8748,0.1322,0.2260
12043,08100314,203797.3600,720391.1874,255784.7915,0.2829,0.7968
12045,08100418,108922.3613,672963.5476,639908.4148,0.1619,0.1702
12045,08100419,25532.7651,672963.5476,430388.2774,0.0379,0.0593
12045,08100415,12061.2378,672963.5476,255238.5715,0.0179,0.0473
12045,08100314,22441.5661,672963.5476,255784.7915,0.0333,0.0877
12045,08100312,483920.4457,672963.5476,515674.5699,0.7191,0.9384
12045,08100313,19842.0578,672963.5476,139984.2568,0.0295,0.1417
12047,08100314,15078.5376,519509.2884,255784.7915,0.0290,0.0590
12047,08100312,23707.9422,519509.2884,515674.5699,0.0456,0.0460
12047,08100311,242506.8934,519509.2884,259444.4983,0.4668,0.9347
12047,08100310,238170.0653,519509.2884,254597.9949,0.4585,0.9355
12049,08100207,9369.1372,1100285.5972,371580.0119,0.0085,0.0252
12049,08100208,74537.4000,1100285.5972,553562.7898,0.0677,0.1347
12049,08100206,34067.9180,1100285.5972,421408.8748,0.0310,0.0808
12049,08100101,143492.7190,1100285.5972,865906.2574,0.1304,0.1657
12049,08100102,288181.1736,1100285.5972,589339.0573,0.2619,0.4890
12049,08100103,478684.0645,1100285.5972,478829.1048,0.4351,0.9997
12049,08100104,71641.8345,1100285.5972,550898.5226,0.0651,0.1300
12051,08200622,17097.4303,1513233.4901,666687.8250,0.0113,0.0256
12051,08100208,197565.4611,1513233.4901,553562.7898,0.1306,0.3569
12051,08100209,383226.3251,1513233.4901,588922.9028,0.2532,0.6507
12051,08100104,479244.5128,1513233.4901,550898.5226,0.3167,0.8699
12051,08100105,435713.2886,1513233.4901,463665.5078,0.2879,0.9397
12053,08100207,311158.8639,850115.4731,371580.0119,0.3660,0.8374
12053,08100208,246858.3232,850115.4731,553562.7898,0.2904,0.4459
12053,08100206,292072.8037,850115.4731,421408.8748,0.3436,0.6931
12055,08100521,234073.3674,877120.6746,2196376.2591,0.2669,0.1066
12055,08100416,146943.4113,877120.6746,334155.4242,0.1675,0.4397
12055,08100417,367655.0234,877120.6746,412429.5935,0.4192,0.8914
12055,08100415,24971.2126,877120.6746,255238.5715,0.0285,0.0978
12055,08100208,27920.9885,877120.6746,553562.7898,0.0318,0.0504
12055,08100209,75556.6714,877120.6746,588922.9028,0.0861,0.1283
12057,08200622,21976.3474,3167798.7068,666687.8250,0.0069,0.0330
12057,08100521,1917123.5008,3167798.7068,2196376.2591,0.6052,0.8729
12057,08100520,1090454.8416,3167798.7068,1120021.3625,0.3442,0.9736
12057,08100418,8402.5097,3167798.7068,639908.4148,0.0027,0.0131
12057,08100419,1032.6298,3167798.7068,430388.2774,0.0003,0.0024
12057,08100209,128290.0779,3167798.7068,588922.9028,0.0405,0.2178
12059,08100521,43070.9881,1217497.2161,2196376.2591,0.0354,0.0196
12059,08100520,28898.8226,1217497.2161,1120021.3625,0.0237,0.0258
12059,08100418,522583.5438,1217497.2161,639908.4148,0.4292,0.8167
12059,08100419,403474.6373,1217497.2161,430388.2774,0.3314,0.9375
12059,08100417,44778.2166,1217497.2161,412429.5935,0.0368,0.1086
12059,08100415,41819.6626,1217497.2161,255238.5715,0.0343,0.1638
12059,08100312,7967.1859,1217497.2161,515674.5699,0.0065,0.0155
12059,08100313,119895.8805,1217497.2161,139984.2568,0.0985,0.8565
12059,09100101,4995.6667,1217497.2161,2312929.3151,0.0041,0.0022
12099,07400721,2432286.0265,6331420.8601,4278940.5650,0.3842,0.5684
12099,07400927,2975955.4829,6331420.8601,3057732.6482,0.4700,0.9733
12099,07400928,616157.6830,6331420.8601,659968.7728,0.0973,0.9336
12099,08100105,27949.6285,6331420.8601,463665.5078,0.0044,0.0603
12099,08200624,9539.0229,6331420.8601,1188982.3927,0.0015,0.0080
12099,07501031,3567.5042,6331420.8601,1541484.4466,0.0006,0.0023
12099,07501032,99646.9858,6331420.8601,1231525.7973,0.0157,0.0809
12099,07400825,40609.4807,6331420.8601,418308.9571,0.0064,0.0971
12099,07400824,118081.0490,6331420.8601,636579.9778,0.0187,0.1855
12099,07400720,7615.8847,6331420.8601,1183857.9095,0.0012,0.0064
12101,07400721,1157724.5039,2288929.5807,4278940.5650,0.5058,0.2706
12101,07400720,1008122.6439,2288929.5807,1183857.9095,0.4404,0.8516
12101,07200413,122958.2208,2288929.5807,796822.8928,0.0537,0.1543
12103,07400825,218635.3071,2196353.2421,418308.9571,0.0995,0.5227
12103,07400824,518498.9288,2196353.2421,636579.9778,0.2361,0.8145
12103,07400823,773734.6476,2196353.2421,804936.8794,0.3523,0.9612
12103,07400822,534842.6195,2196353.2421,1452706.6264,0.2435,0.3682
12103,07400720,150610.9977,2196353.2421,1183857.9095,0.0686,0.1272
12105,07501030,474094.3515,3365270.7436,596811.6697,0.1409,0.7944
12105,07400825,159064.1693,3365270.7436,418308.9571,0.0473,0.3803
12105,07400823,31200.2584,3365270.7436,804936.8794,0.0093,0.0388
12105,07400822,363726.1331,3365270.7436,1452706.6264,0.1081,0.2504
12105,07501029,1167636.2838,3365270.7436,1441253.3937,0.3470,0.8102
12105,07400826,1168952.2984,3365270.7436,1169050.9738,0.3474,0.9999
12107,08200831,47347.5964,4421092.1163,1457014.6056,0.0107,0.0325
12107,07601442,29085.9960,4421092.1163,2347015.0613,0.0066,0.0124
12107,07601238,66257.6232,4421092.1163,1984005.7702,0.0150,0.0334
12107,07501135,520237.2581,4421092.1163,555294.5661,0.1177,0.9369
12107,07501134,2063651.7966,4421092.1163,2252428.2058,0.4668,0.9162
12107,07501133,1327421.5225,4421092.1163,1755277.7994,0.3002,0.7562
12107,07501030,22318.3489,4421092.1163,596811.6697,0.0050,0.0374
12107,07501031,37674.8925,4421092.1163,1541484.4466,0.0085,0.0244
12107,07501032,33422.7846,4421092.1163,1231525.7973,0.0076,0.0271
12107,07501029,273500.3189,4421092.1163,1441253.3937,0.0619,0.1898
12109,07400927,81634.7332,2968791.6610,3057732.6482,0.0275,0.0267
12109,07501134,188236.6594,2968791.6610,2252428.2058,0.0634,0.0836
12109,07501030,100391.9915,2968791.6610,596811.6697,0.0338,0.1682
12109,07501031,1500242.0499,2968791.6610,1541484.4466,0.5053,0.9732
12109,07501032,1098258.6700,2968791.6610,1231525.7973,0.3699,0.8918
12157,06100209,355458.3734,2050207.6899,633527.4095,0.1734,0.5611
12157,06100210,153709.4899,2050207.6899,235438.7022,0.0750,0.6529
12157,07400822,53414.0594,2050207.6899,1452706.6264,0.0261,0.0368
12157,07300619,1486082.2561,2050207.6899,2572507.3892,0.7248,0.5777
12157,07300618,1436.1431,2050207.6899,567379.6816,0.0007,0.0025
12159,07300517,565663.4183,997913.1701,636367.6026,0.5668,0.8889
12159,07200308,1499.3586,997913.1701,626430.0225,0.0015,0.0024
12159,07300619,1707.8894,997913.1701,2572507.3892,0.0017,0.0007
12159,07300618,429012.2379,997913.1701,567379.6816,0.4299,0.7561
12161,07300516,422093.1019,964909.2543,458495.3040,0.4374,0.9206
12161,07300515,323344.8881,964909.2543,366887.2990,0.3351,0.8813
12161,06100103,6870.4250,964909.2543,461083.5113,0.0071,0.0149
12161,06100209,58026.9507,964909.2543,633527.4095,0.0601,0.0916
12161,07300517,57458.3503,964909.2543,636367.6026,0.0595,0.0903
12161,07300618,97054.6418,964909.2543,567379.6816,0.1006,0.1711
12163,07300516,19763.4965,1342282.8339,458495.3040,0.0147,0.0431
12163,06100208,2720.0734,1342282.8339,620318.2579,0.0020,0.0044
12163,06100101,424937.2108,1342282.8339,989497.2595,0.3166,0.4294
12163,06100102,369746.7009,1342282.8339,488576.8838,0.2755,0.7568
12163,06100103,416376.7326,1342282.8339,461083.5113,0.3102,0.9030
12163,06100209,106719.2982,1342282.8339,633527.4095,0.0795,0.1685
12163,06100210,1977.0969,1342282.8339,235438.7022,0.0015,0.0084
12165,06100208,20368.7317,945018.7110,620318.2579,0.0216,0.0328
12165,06100207,158219.7891,945018.7110,679360.6856,0.1674,0.2329
12165,06300629,139678.1517,945018.7110,1416112.8017,0.1478,0.0986
12165,06100101,515930.8560,945018.7110,989497.2595,0.5459,0.5214
12165,06100102,110700.6841,945018.7110,488576.8838,0.1171,0.2266
12167,06200312,53531.9558,1641944.6712,1237240.8974,0.0326,0.0433
12167,06100205,392572.9954,1641944.6712,850448.7430,0.2391,0.4616
12167,06100208,31099.0984,1641944.6712,620318.2579,0.0189,0.0501
12167,06100207,483448.1339,1641944.6712,679360.6856,0.2944,0.7116
12167,06100206,681031.1739,1641944.6712,710524.5673,0.4148,0.9585
12169,06100205,101960.8282,2126084.8969,850448.7430,0.0480,0.1199
12169,06100204,1115069.2164,2126084.8969,1115399.4757,0.5245,0.9997
12169,06100208,566120.1260,2126084.8969,620318.2579,0.2663,0.9126
12169,06100102,8129.4988,2126084.8969,488576.8838,0.0038,0.0166
12169,06100209,113322.7872,2126084.8969,633527.4095,0.0533,0.1789
12169,06100210,79752.1153,2126084.8969,235438.7022,0.0375,0.3387
12169,07300619,127095.0808,2126084.8969,2572507.3892,0.0598,0.0494
12169,06100206,14607.4111,2126084.8969,710524.5673,0.0069,0.0206
12203,06100207,37678.1260,3071406.8046,679360.6856,0.0123,0.0555
12203,06300633,1593413.8160,3071406.8046,1667093.7334,0.5188,0.9558
12203,06300634,1447.1009,3071406.8046,1583381.5744,0.0005,0.0009
12203,06300631,2434.5510,3071406.8046,1782789.2930,0.0008,0.0014
12203,06400843,2831.5467,3071406.8046,2110254.8005,0.0009,0.0013
12203,06300629,796654.5996,3071406.8046,1416112.8017,0.2594,0.5626
12203,06300630,620085.3764,3071406.8046,744471.1894,0.2019,0.8329
12203,06200421,16861.6882,3071406.8046,2034774.0760,0.0055,0.0083
12205,06300633,72816.9086,3030436.9449,1667093.7334,0.0240,0.0437
12205,06300632,1182455.5739,3030436.9449,3084440.1175,0.3902,0.3834
12205,06300634,1575602.7622,3030436.9449,1583381.5744,0.5199,0.9951
12205,06300527,743.6009,3030436.9449,979531.9727,0.0002,0.0008
12205,06400843,23893.1797,3030436.9449,2110254.8005,0.0079,0.0113
12205,06300629,174924.8859,3030436.9449,1416112.8017,0.0577,0.1235
12207,06200423,122478.7550,5591039.8158,1740986.0522,0.0219,0.0704
12207,06200419,321063.0633,5591039.8158,321063.0633,0.0574,1.0000
12207,06200312,29498.1672,5591039.8158,1237240.8974,0.0053,0.0238
12207,06300633,839.2695,5591039.8158,1667093.7334,0.0002,0.0005
12207,06300632,114372.5456,5591039.8158,3084440.1175,0.0205,0.0371
12207,06300631,451750.1078,5591039.8158,1782789.2930,0.0808,0.2534
12207,06200418,1104886.1331,5591039.8158,1104903.0666,0.1976,1.0000
12207,06300630,124010.7887,5591039.8158,744471.1894,0.0222,0.1666
12207,06200420,1369163.9445,5591039.8158,1370075.1207,0.2449,0.9993
12207,06200314,3913.2154,5591039.8158,733421.2717,0.0007,0.0053
12207,06200421,1943204.5644,5591039.8158,2034774.0760,0.3476,0.9550
12207,06200422,4324.5059,5591039.8158,1366845.3640,0.0008,0.0032
12209,06200317,30919.6425,3067735.7593,1480863.4790,0.0101,0.0209
12209,06200423,1593728.0693,3067735.7593,1740986.0522,0.5195,0.9154
12209,06200315,51675.5387,3067735.7593,1174941.0793,0.0168,0.0440
12209,06200314,28418.8391,3067735.7593,733421.2717,0.0093,0.0387
12209,06200422,1362501.2569,3067735.7593,1366845.3640,0.4441,0.9968
12247,06200315,26549.4559,3454074.5211,1174941.0793,0.0077,0.0226
12247,06200316,2872.5787,3454074.5211,671428.5125,0.0008,0.0043
12247,06200311,933581.6321,3454074.5211,993261.5622,0.2703,0.9399
12247,06200312,1154210.7744,3454074.5211,1237240.8974,0.3342,0.9329
12247,06100205,355777.2271,3454074.5211,850448.7430,0.1030,0.4183
12247,06100206,14852.1414,3454074.5211,710524.5673,0.0043,0.0209
12247,06200313,579955.1400,3454074.5211,698531.3964,0.1679,0.8302
12247,06200314,311772.1097,3454074.5211,733421.2717,0.0903,0.4251
12247,06200421,74348.8469,3454074.5211,2034774.0760,0.0215,0.0365
12249,07601236,84211.0227,3870346.3729,1146609.0294,0.0218,0.0734
12249,06200317,1437212.7608,3870346.3729,1480863.4790,0.3713,0.9705
12249,06200423,16115.7854,3870346.3729,1740986.0522,0.0042,0.0093
12249,06200315,1096716.0847,3870346.3729,1174941.0793,0.2834,0.9334
12249,06200316,668555.9338,3870346.3729,671428.5125,0.1727,0.9957
12249,06200311,59610.5883,3870346.3729,993261.5622,0.0154,0.0600
12249,06200313,118576.2564,3870346.3729,698531.3964,0.0306,0.1698
12249,06200314,389317.1075,3870346.3729,733421.2717,0.1006,0.5308
12277,07601546,2154.8033,6723970.0416,1773447.4075,0.0003,0.0012
12277,07601442,17815.8555,6723970.0416,2347015.0613,0.0026,0.0076
12277,07601341,2398307.6375,6723970.0416,3911481.8878,0.3567,0.6131
12277,07601238,1904457.9768,6723970.0416,1984005.7702,0.2832,0.9599
12277,07501135,33696.4078,6723970.0416,555294.5661,0.0050,0.0607
12277,07601237,1228753.5668,6723970.0416,1235068.3600,0.1827,0.9949
12277,07601236,699444.0394,6723970.0416,1146609.0294,0.1040,0.6100
12277,07501133,427852.9442,6723970.0416,1755277.7994,0.0636,0.2438
12277,06200317,11048.5936,6723970.0416,1480863.4790,0.0016,0.0075
12279,07601341,475998.4586,1723458.3885,3911481.8878,0.2762,0.1217
12279,07601237,6314.7932,1723458.3885,1235068.3600,0.0037,0.0051
12279,07601236,362953.9672,1723458.3885,1146609.0294,0.2106,0.3165
12279,07601340,413765.4413,1723458.3885,413765.4413,0.2401,1.0000
12279,07601339,453530.5580,1723458.3885,453543.5704,0.2632,1.0000
12279,06200317,1519.8777,1723458.3885,1480863.4790,0.0009,0.0010
12279,06200423,8638.2856,1723458.3885,1740986.0522,0.0050,0.0050
12305,08200831,23040.0996,4012724.9590,1457014.6056,0.0057,0.0158
12305,07601544,569185.5972,4012724.9590,1123294.7186,0.1418,0.5067
12305,07601545,22293.5765,4012724.9590,899994.8413,0.0056,0.0248
12305,07601443,1095734.7231,4012724.9590,1985668.1104,0.2731,0.5518
12305,07601442,2299822.3006,4012724.9590,2347015.0613,0.5731,0.9799
12305,07601238,1278.2586,4012724.9590,1984005.7702,0.0003,0.0006
12305,07501135,1360.9002,4012724.9590,555294.5661,0.0003,0.0025
12307,07601547,753990.1824,4128098.1192,940951.9984,0.1826,0.8013
12307,07601544,551544.6740,4128098.1192,1123294.7186,0.1336,0.4910
12307,07601546,1771273.3900,4128098.1192,1773447.4075,0.4291,0.9988
12307,07601341,1037168.1619,4128098.1192,3911481.8878,0.2512,0.2652
12307,07601238,12011.8334,4128098.1192,1984005.7702,0.0029,0.0061
12309,07601548,967422.8859,2923399.9789,967762.3092,0.3309,0.9996
12309,07601547,186961.1902,2923399.9789,940951.9984,0.0640,0.1987
12309,07601544,2564.4475,2923399.9789,1123294.7186,0.0009,0.0023
12309,07601545,877365.0038,2923399.9789,899994.8413,0.3001,0.9749
12309,07601443,888889.3957,2923399.9789,1985668.1104,0.3041,0.4477
12347,08200726,68537.7710,3985322.3249,988011.5885,0.0172,0.0694
12347,08200623,399921.8891,3985322.3249,1178693.8557,0.1003,0.3393
12347,08200622,316759.6035,3985322.3249,666687.8250,0.0795,0.4751
12347,08100209,1847.9401,3985322.3249,588922.9028,0.0005,0.0031
12347,07400928,43683.2648,3985322.3249,659968.7728,0.0110,0.0662
12347,08200624,1179291.0551,3985322.3249,1188982.3927,0.2959,0.9918
12347,08200725,1624965.4670,3985322.3249,1629084.5093,0.4077,0.9975
12347,08200729,349966.1578,3985322.3249,3150692.1333,0.0878,0.1111
12349,08200833,58634.2043,6496869.3296,1106393.3195,0.0090,0.0530
12349,08200832,1990232.7789,6496869.3296,2031517.5484,0.3063,0.9797
12349,08200730,132983.2937,6496869.3296,1375725.3945,0.0205,0.0967
12349,08200726,6140.6184,6496869.3296,988011.5885,0.0009,0.0062
12349,08200727,115950.5172,6496869.3296,1156164.4562,0.0178,0.1003
12349,08200725,4096.7162,6496869.3296,1629084.5093,0.0006,0.0025
12349,08200729,2800715.4505,6496869.3296,3150692.1333,0.4311,0.8889
12349,08200831,1386626.9096,6496869.3296,1457014.6056,0.2134,0.9517
12349,07501134,532.9532,6496869.3296,2252428.2058,0.0001,0.0002
12351,08301036,230068.3125,3346060.9308,694647.3953,0.0688,0.3312
12351,08401241,117169.6721,3346060.9308,2118882.5277,0.0350,0.0553
12351,08300934,595486.5968,3346060.9308,847162.9286,0.1780,0.7029
12351,08300935,201509.8378,3346060.9308,676974.3570,0.0602,0.2977
12351,08200833,48622.0541,3346060.9308,1106393.3195,0.0145,0.0439
12351,08200730,1002221.6403,3346060.9308,1375725.3945,0.2995,0.7285
12351,08401139,799155.8685,3346060.9308,826321.8959,0.2388,0.9671
12351,08401140,332869.1269,3346060.9308,440654.6154,0.0995,0.7554
12351,08401138,18558.8000,3346060.9308,133571.1058,0.0055,0.1389
12353,08401242,87385.0613,2730814.5250,1921433.8869,0.0320,0.0455
12353,08301037,419216.1951,2730814.5250,437704.3473,0.1535,0.9578
12353,08301036,426931.2190,2730814.5250,694647.3953,0.1563,0.6146
12353,08401241,29253.9976,2730814.5250,2118882.5277,0.0107,0.0138
12353,08300934,251672.9709,2730814.5250,847162.9286,0.0922,0.2971
12353,08300935,475460.6244,2730814.5250,676974.3570,0.1741,0.7023
12353,08200833,999128.8228,2730814.5250,1106393.3195,0.3659,0.9031
12353,08200832,41261.2097,2730814.5250,2031517.5484,0.0151,0.0203
12355,08401245,471629.5952,8017266.9710,471629.8727,0.0588,1.0000
12355,08401244,2766751.2599,8017266.9710,2775309.9029,0.3451,0.9969
12355,08401246,2243191.5256,8017266.9710,2243916.5654,0.2798,0.9997
12355,08401243,751219.5408,8017266.9710,2506778.8237,0.0937,0.2997
12355,08401242,1779601.5715,8017266.9710,1921433.8869,0.2220,0.9262
12355,09300920,3139.5291,8017266.9710,4302274.3430,0.0004,0.0007
12357,08401244,8558.6220,3793966.8284,2775309.9029,0.0023,0.0031
12357,08401243,1754803.1571,3793966.8284,2506778.8237,0.4625,0.7000
12357,08401242,54446.6271,3793966.8284,1921433.8869,0.0144,0.0283
12357,08301037,18488.1522,3793966.8284,437704.3473,0.0049,0.0422
12357,08301036,37644.5417,3793966.8284,694647.3953,0.0099,0.0542
12357,08401241,1920021.3918,3793966.8284,2118882.5277,0.5061,0.9061
12359,08401241,51648.2008,4771504.0281,2118882.5277,0.0108,0.0244
12359,08200730,240520.4605,4771504.0281,1375725.3945,0.0504,0.1748
12359,08401139,27166.0274,4771504.0281,826321.8959,0.0057,0.0329
12359,08401140,107785.4885,4771504.0281,440654.6154,0.0226,0.2446
12359,08401138,115012.3058,4771504.0281,133571.1058,0.0241,0.8611
12359,08200728,1184926.2223,4771504.0281,1185817.6163,0.2483,0.9992
12359,08200726,913333.1991,4771504.0281,988011.5885,0.1914,0.9244
12359,08200623,778381.3805,4771504.0281,1178693.8557,0.1631,0.6604
12359,08200622,310854.4438,4771504.0281,666687.8250,0.0651,0.4663
12359,08100521,1671.1504,4771504.0281,2196376.2591,0.0004,0.0008
12359,08200727,1040196.0051,4771504.0281,1156164.4562,0.2180,0.8997
12435,08100520,540.2164,4079513.1418,1120021.3625,0.0001,0.0005
12435,09100305,1487.8111,4079513.1418,496533.5846,0.0004,0.0030
12435,09100203,916060.5459,4079513.1418,2143854.5503,0.2246,0.4273
12435,09100202,853603.2095,4079513.1418,853603.2351,0.2092,1.0000
12435,09100101,2306918.1539,4079513.1418,2312929.3151,0.5655,0.9974
12437,08200728,505.2846,6002123.0517,1185817.6163,0.0001,0.0004
12437,09100306,1995777.3593,6002123.0517,2721310.8063,0.3325,0.7334
12437,09100407,505949.9247,6002123.0517,3245430.8113,0.0843,0.1559
12437,09200613,164619.0598,6002123.0517,1904314.4154,0.0274,0.0864
12437,09100305,494853.4954,6002123.0517,496533.5846,0.0824,0.9966
12437,09100304,1611885.2955,6002123.0517,1612955.3265,0.2686,0.9993
12437,09100203,1227249.8117,6002123.0517,2143854.5503,0.2045,0.5725
12459,11501340,38464.0493,8198570.1124,3296042.1754,0.0047,0.0117
12459,09501939,54599.2640,8198570.1124,1141908.4839,0.0067,0.0478
12459,09502043,181044.3236,8198570.1124,4772145.5972,0.0221,0.0379
12459,09200613,5571.2436,8198570.1124,1904314.4154,0.0007,0.0029
12459,09200510,2328530.8204,8198570.1124,2329671.8699,0.2840,0.9995
12459,09200512,4240446.1338,8198570.1124,4244392.0863,0.5172,0.9991
12459,09200511,1349366.2220,8198570.1124,1357879.8573,0.1646,0.9937
12487,08401243,658.9458,7320183.4204,2506778.8237,0.0001,0.0003
12487,08401241,789.2653,7320183.4204,2118882.5277,0.0001,0.0004
12487,09200715,39210.5289,7320183.4204,2669691.2272,0.0054,0.0147
12487,09100409,2948198.3468,7320183.4204,2986374.2619,0.4027,0.9872
12487,09100408,766257.6475,7320183.4204,766257.6475,0.1047,1.0000
12487,09100306,725065.1782,7320183.4204,2721310.8063,0.0991,0.2664
12487,09100407,2739478.9306,7320183.4204,3245430.8113,0.3742,0.8441
12487,09200613,99421.7184,7320183.4204,1904314.4154,0.0136,0.0522
12487,09100304,1064.5314,7320183.4204,1612955.3265,0.0001,0.0007
12489,09301126,4870.6950,6072726.0043,9167493.2784,0.0008,0.0005
12489,09300920,16701.3802,6072726.0043,4302274.3430,0.0028,0.0039
12489,09200715,2630227.1828,6072726.0043,2669691.2272,0.4331,0.9852
12489,09200716,942974.5396,6072726.0043,947242.8620,0.1553,0.9955
12489,09200717,2462111.6805,6072726.0043,2544489.6012,0.4054,0.9676
12489,09100409,15477.6000,6072726.0043,2986374.2619,0.0025,0.0052
12524,08401246,711.9236,8019654.2423,2243916.5654,0.0001,0.0003
12524,09301126,1051.0962,8019654.2423,9167493.2784,0.0001,0.0001
12524,09301025,24162.1213,8019654.2423,5531188.7982,0.0030,0.0044
12524,09300922,380651.1994,8019654.2423,380658.4001,0.0475,1.0000
12524,09300920,4282433.2404,8019654.2423,4302274.3430,0.5340,0.9954
12524,09301024,310474.3841,8019654.2423,1147913.9509,0.0387,0.2705
12524,09300921,1456395.8660,8019654.2423,1461241.8398,0.1816,0.9967
12524,09300923,1562946.2186,8019654.2423,1565737.9384,0.1949,0.9982
12526,09301126,64293.0814,6416732.3665,9167493.2784,0.0100,0.0070
12526,09301025,5506508.9206,6416732.3665,5531188.7982,0.8581,0.9955
12526,09301024,837279.6734,6416732.3665,1147913.9509,0.1305,0.7294
12526,09300921,4230.1325,6416732.3665,1461241.8398,0.0007,0.0029
12526,09300923,2700.3113,6416732.3665,1565737.9384,0.0004,0.0017
12527,09301228,14741405.8587,26202910.7393,14754154.4111,0.5626,0.9991
12527,09301227,2354278.1630,26202910.7393,2355437.1787,0.0898,0.9995
12527,09401635,4385.3292,26202910.7393,22201159.9306,0.0002,0.0002
12527,09301126,9088542.9041,26202910.7393,9167493.2784,0.3469,0.9914
12527,09300921,615.8413,26202910.7393,1461241.8398,0.0000,0.0004
12555,10400837,1549.2002,10028800.1816,4866845.2503,0.0002,0.0003
12555,09502042,1874136.0063,10028800.1816,3194316.6039,0.1869,0.5867
12555,09200717,5479.4125,10028800.1816,2544489.6012,0.0005,0.0022
12555,09200819,112011.5175,10028800.1816,1550835.9986,0.0112,0.0722
12555,09200818,543140.4758,10028800.1816,571286.8961,0.0542,0.9507
12555,09501939,1042988.6008,10028800.1816,1141908.4839,0.1040,0.9134
12555,09501941,945312.6819,10028800.1816,1045239.4710,0.0943,0.9044
12555,09401534,290529.6039,10028800.1816,796358.2862,0.0290,0.3648
12555,09501940,595636.8793,10028800.1816,595831.1258,0.0594,0.9997
12555,09401431,23606.4898,10028800.1816,513251.5955,0.0024,0.0460
12555,09501736,1187.6328,10028800.1816,2871397.1090,0.0001,0.0004
12555,09502043,4589921.8563,10028800.1816,4772145.5972,0.4577,0.9618
12555,09200512,2742.4577,10028800.1816,4244392.0863,0.0003,0.0006
12557,09301126,7101.6310,9224535.6723,9167493.2784,0.0008,0.0008
12557,09401433,1024933.4204,9224535.6723,1990326.9808,0.1111,0.5150
12557,09200717,637.9741,9224535.6723,2544489.6012,0.0001,0.0003
12557,09200819,1438806.6832,9224535.6723,1550835.9986,0.1560,0.9278
12557,09200818,28107.7886,9224535.6723,571286.8961,0.0030,0.0492
12557,09501939,44312.7135,9224535.6723,1141908.4839,0.0048,0.0388
12557,09401534,486164.9707,9224535.6723,796358.2862,0.0527,0.6105
12557,09401329,5230770.6692,9224535.6723,17014961.5752,0.5670,0.3074
12557,09401330,963699.8215,9224535.6723,963712.4789,0.1045,1.0000
12559,09301228,2074.3109,36449134.4058,14754154.4111,0.0001,0.0001
12559,09301227,1159.0157,36449134.4058,2355437.1787,0.0000,0.0005
12559,09401635,22173429.0189,36449134.4058,22201159.9306,0.6083,0.9988
12559,09501838,16037.5648,36449134.4058,21437501.4377,0.0004,0.0007
12559,09301126,1602.3889,36449134.4058,9167493.2784,0.0000,0.0002
12559,09401433,964954.1293,36449134.4058,1990326.9808,0.0265,0.4848
12559,09501941,61981.4179,36449134.4058,1045239.4710,0.0017,0.0593
12559,09401534,19665.9233,36449134.4058,796358.2862,0.0005,0.0247
12559,09401431,489644.0718,36449134.4058,513251.5955,0.0134,0.9540
12559,09401432,936574.3652,36449134.4058,938126.6493,0.0257,0.9983
12559,09501736,850.6312,36449134.4058,2871397.1090,0.0000,0.0003
12559,09401329,11779698.7051,36449134.4058,17014961.5752,0.3232,0.6923
12587,09501838,279616.5958,15573767.5860,21437501.4377,0.0180,0.0130
12587,09501737,11161541.4036,15573767.5860,11163770.1493,0.7167,0.9998
12587,09502042,1221833.1330,15573767.5860,3194316.6039,0.0785,0.3825
12587,09501941,37941.6541,15573767.5860,1045239.4710,0.0024,0.0363
12587,09401432,1552.2841,15573767.5860,938126.6493,0.0001,0.0017
12587,09501736,2869242.7598,15573767.5860,2871397.1090,0.1842,0.9992
12587,09401329,1064.5854,15573767.5860,17014961.5752,0.0001,0.0001
12589,09401635,7410.9535,21148798.9260,22201159.9306,0.0004,0.0003
12589,09501838,21134257.4142,21148798.9260,21437501.4377,0.9993,0.9859
12589,09501737,871.4498,21148798.9260,11163770.1493,0.0000,0.0001
12589,09401329,2999.1956,21148798.9260,17014961.5752,0.0001,0.0002
12619,10200420,9684.1749,2603046.4473,767628.1141,0.0037,0.0126
12619,10400835,119012.3720,2603046.4473,2551008.5913,0.0457,0.0467
12619,10200526,198588.7094,2603046.4473,526303.3609,0.0763,0.3773
12619,10200628,498169.4411,2603046.4473,498321.1512,0.1914,0.9997
12619,10200630,374446.9330,2603046.4473,377070.5839,0.1438,0.9930
12619,10400836,26019.7536,2603046.4473,1348389.7072,0.0100,0.0193
12619,10200629,996437.8152,2603046.4473,998699.1047,0.3828,0.9977
12619,10200627,380462.3979,2603046.4473,532881.7269,0.1462,0.7140
12621,10200525,7016.1209,8244264.3039,475663.6661,0.0009,0.0148
12621,10400835,2307373.8076,8244264.3039,2551008.5913,0.2799,0.9045
12621,10200630,2608.8441,8244264.3039,377070.5839,0.0003,0.0069
12621,10400939,1797.4424,8244264.3039,1897751.4223,0.0002,0.0009
12621,10400940,33664.4441,8244264.3039,3162037.4623,0.0041,0.0106
12621,10400837,4556997.6959,8244264.3039,4866845.2503,0.5527,0.9363
12621,10400836,1322255.3896,8244264.3039,1348389.7072,0.1604,0.9806
12621,10300734,12258.2859,8244264.3039,5202263.9713,0.0015,0.0024
12623,10400835,120932.7485,13410725.5075,2551008.5913,0.0090,0.0474
12623,10400939,1895528.1200,13410725.5075,1897751.4223,0.1413,0.9988
12623,10400938,4217493.7482,13410725.5075,4219311.6701,0.3145,0.9996
12623,10400941,3687842.5875,13410725.5075,3688846.7526,0.2750,0.9997
12623,10400940,3128369.0734,13410725.5075,3162037.4623,0.2333,0.9894
12623,10400837,261402.1826,13410725.5075,4866845.2503,0.0195,0.0537
12623,09502042,97913.8387,13410725.5075,3194316.6039,0.0073,0.0307
12623,09502043,617.1208,13410725.5075,4772145.5972,0.0000,0.0001
12627,10200423,918679.5254,3961656.0931,920267.1961,0.2319,0.9983
12627,10200422,451314.8053,3961656.0931,451547.1982,0.1139,0.9995
12627,10200421,163756.6458,3961656.0931,163756.6458,0.0413,1.0000
12627,10200417,90276.3468,3961656.0931,450314.3884,0.0228,0.2005
12627,10200419,136687.2102,3961656.0931,203432.9026,0.0345,0.6719
12627,10200420,275972.1596,3961656.0931,767628.1141,0.0697,0.3595
12627,10200525,468656.7793,3961656.0931,475663.6661,0.1183,0.9853
12627,10400835,3625.0423,3961656.0931,2551008.5913,0.0009,0.0014
12627,10200526,327706.7497,3961656.0931,526303.3609,0.0827,0.6227
12627,10200627,14142.7295,3961656.0931,532881.7269,0.0036,0.0265
12627,10200524,1110299.5964,3961656.0931,1110671.1391,0.2803,0.9997
12629,10200417,359530.9261,1689171.6985,450314.3884,0.2128,0.7984
12629,10100316,703.2405,1689171.6985,1607822.0661,0.0004,0.0004
12629,10200419,66745.6924,1689171.6985,203432.9026,0.0395,0.3281
12629,10200418,642170.5490,1689171.6985,642195.2405,0.3802,1.0000
12629,10200420,481971.6063,1689171.6985,767628.1141,0.2853,0.6279
12629,10200627,138013.3468,1689171.6985,532881.7269,0.0817,0.2590
12679,10100207,1096182.3707,2807859.6934,1098501.3013,0.3904,0.9979
12679,10100316,99614.6342,2807859.6934,1607822.0661,0.0355,0.0620
12679,10100206,5638.9871,2807859.6934,845309.1867,0.0020,0.0067
12679,10100208,365076.0182,2807859.6934,810625.3488,0.1300,0.4504
12679,10100209,370981.5110,2807859.6934,677847.9722,0.1321,0.5473
12679,10100210,831825.6162,2807859.6934,882441.1191,0.2962,0.9426
12679,10100315,8461.3591,2807859.6934,646295.7169,0.0030,0.0131
12679,10100313,29626.1521,2807859.6934,1098298.1863,0.0106,0.0270
12681,11200515,697.9291,8747164.6193,1033314.0350,0.0001,0.0007
12681,11200411,214586.8902,8747164.6193,2519946.8454,0.0245,0.0852
12681,10100316,152213.4944,8747164.6193,1607822.0661,0.0174,0.0947
12681,10100206,18262.7619,8747164.6193,845309.1867,0.0021,0.0216
12681,10100101,1177.0233,8747164.6193,695312.1482,0.0001,0.0017
12681,10100205,3173067.7135,8747164.6193,3599300.1098,0.3628,0.8816
12681,10100208,23116.8206,8747164.6193,810625.3488,0.0026,0.0285
12681,10100210,50615.5030,8747164.6193,882441.1191,0.0058,0.0574
12681,10100315,19299.5858,8747164.6193,646295.7169,0.0022,0.0299
12681,10100313,121006.7669,8747164.6193,1098298.1863,0.0138,0.1102
12681,10100312,1129710.0509,8747164.6193,1209728.0842,0.1292,0.9339
12681,10100311,3841106.1123,8747164.6193,3991204.0455,0.4391,0.9624
12681,10300731,920.8460,8747164.6193,2739946.7406,0.0001,0.0003
12681,11300721,752.0799,8747164.6193,3860896.4716,0.0001,0.0002
12683,11501340,16184.5860,12708006.1094,3296042.1754,0.0013,0.0049
12683,10100316,3818.6144,12708006.1094,1607822.0661,0.0003,0.0024
12683,10100315,35050.5071,12708006.1094,646295.7169,0.0028,0.0542
12683,10100312,71260.9545,12708006.1094,1209728.0842,0.0056,0.0589
12683,10100311,149872.5837,12708006.1094,3991204.0455,0.0118,0.0376
12683,10300731,2736964.5413,12708006.1094,2739946.7406,0.2154,0.9989
12683,10300732,2058051.2019,12708006.1094,2058499.7546,0.1619,0.9998
12683,10400837,46890.9062,12708006.1094,4866845.2503,0.0037,0.0096
12683,10300734,5189894.7191,12708006.1094,5202263.9713,0.4084,0.9976
12683,10300733,2396676.4848,12708006.1094,2396765.4512,0.1886,1.0000
12683,10200629,2244.7552,12708006.1094,998699.1047,0.0002,0.0022
12685,10100316,1351490.1429,3470524.3346,1607822.0661,0.3894,0.8406
12685,10100209,106262.9048,3470524.3346,677847.9722,0.0306,0.1568
12685,10100315,583484.2649,3470524.3346,646295.7169,0.1681,0.9028
12685,10100314,470344.8333,3470524.3346,470639.7719,0.1355,0.9994
12685,10100313,947665.2673,3470524.3346,1098298.1863,0.2731,0.8628
12685,10100312,8757.0787,3470524.3346,1209728.0842,0.0025,0.0072
12685,10300731,2061.3532,3470524.3346,2739946.7406,0.0006,0.0008
12687,10100206,810252.6096,1433288.6760,845309.1867,0.5653,0.9585
12687,10100208,422432.5100,1433288.6760,810625.3488,0.2947,0.5211
12687,10100209,200603.5564,1433288.6760,677847.9722,0.1400,0.2959
12689,10100104,883717.4981,2738565.3652,884728.6280,0.3227,0.9989
12689,10100102,327559.4414,2738565.3652,327725.6396,0.1196,0.9995
12689,10100103,686267.6219,2738565.3652,686267.6219,0.2506,1.0000
12689,10100207,2092.0763,2738565.3652,1098501.3013,0.0008,0.0019
12689,10100206,11154.8280,2738565.3652,845309.1867,0.0041,0.0132
12689,10100101,693797.9647,2738565.3652,695312.1482,0.2533,0.9978
12689,10100205,133711.8652,2738565.3652,3599300.1098,0.0488,0.0371
13051,11200410,396855.4204,8117813.5887,2231731.5438,0.0489,0.1778
13051,03300413,1296.4380,8117813.5887,1863260.0825,0.0002,0.0007
13051,03300517,2739769.9794,8117813.5887,5821376.4758,0.3375,0.4706
13051,03300515,114533.5746,8117813.5887,1162124.4765,0.0141,0.0986
13051,11100309,26705.9867,8117813.5887,705654.8671,0.0033,0.0378
13051,11100308,902938.2106,8117813.5887,902998.2944,0.1112,0.9999
13051,11100307,710769.7717,8117813.5887,729943.2584,0.0876,0.9737
13051,11100101,3223956.6453,8117813.5887,8445990.6676,0.3971,0.3817
13053,11200512,1602918.5527,6529883.0181,1935901.9841,0.2455,0.8280
13053,11200513,851.4639,6529883.0181,687868.1545,0.0001,0.0012
13053,11200410,1834864.2037,6529883.0181,2231731.5438,0.2810,0.8222
13053,03501038,251746.7925,6529883.0181,1963316.2057,0.0386,0.1282
13053,11100204,2042.2408,6529883.0181,775618.7642,0.0003,0.0026
13053,11100309,678072.9156,6529883.0181,705654.8671,0.1038,0.9609
13053,11100307,18637.0721,6529883.0181,729943.2584,0.0029,0.0255
13053,11200514,3100.9212,6529883.0181,939543.3477,0.0005,0.0033
13053,11200515,349242.4309,6529883.0181,1033314.0350,0.0535,0.3380
13053,11200411,1763976.4591,6529883.0181,2519946.8454,0.2701,0.7000
13053,10100205,23953.9199,6529883.0181,3599300.1098,0.0037,0.0067
13055,11200512,332623.8165,3180582.5360,1935901.9841,0.1046,0.1718
13055,11200513,687016.6906,3180582.5360,687868.1545,0.2160,0.9988
13055,11200514,935309.5539,3180582.5360,939543.3477,0.2941,0.9955
13055,11200515,683370.8247,3180582.5360,1033314.0350,0.2149,0.6613
13055,11200411,541383.4961,3180582.5360,2519946.8454,0.1702,0.2148
13055,11300721,519.8454,3180582.5360,3860896.4716,0.0002,0.0001
13057,11100102,3050670.1386,4969877.5118,3055114.3267,0.6138,0.9985
13057,11100203,895441.8311,4969877.5118,909454.7053,0.1802,0.9846
13057,11100204,752614.8598,4969877.5118,775618.7642,0.1514,0.9703
13057,11100309,865.8049,4969877.5118,705654.8671,0.0002,0.0012
13057,10100205,268566.6112,4969877.5118,3599300.1098,0.0540,0.0746
13059,11100102,3958.0172,6376491.0127,3055114.3267,0.0006,0.0013
13059,11100203,13995.5326,6376491.0127,909454.7053,0.0022,0.0154
13059,11100204,20956.2863,6376491.0127,775618.7642,0.0033,0.0270
13059,11100307,536.4146,6376491.0127,729943.2584,0.0001,0.0007
13059,11100205,455706.8491,6376491.0127,455706.9555,0.0715,1.0000
13059,11100206,658735.4539,6376491.0127,658801.2114,0.1033,0.9999
13059,11100101,5219584.6049,6376491.0127,8445990.6676,0.8186,0.6180
13086,03601245,964.7704,3200023.3545,965541.4327,0.0003,0.0010
13086,03500935,415004.3310,3200023.3545,438823.1406,0.1297,0.9457
13086,03500933,840046.4477,3200023.3545,1054668.9168,0.2625,0.7965
13086,03500932,985026.1063,3200023.3545,992022.9348,0.3078,0.9929
13086,03501037,325456.5551,3200023.3545,1744086.7421,0.1017,0.1866
13086,03300516,8952.3643,3200023.3545,3904739.6795,0.0028,0.0023
13086,03500934,624567.1682,3200023.3545,626959.1982,0.1952,0.9962
13088,03500935,23818.8096,6800425.4496,438823.1406,0.0035,0.0543
13088,03500933,214622.4690,6800425.4496,1054668.9168,0.0316,0.2035
13088,03500932,1442.4748,6800425.4496,992022.9348,0.0002,0.0015
13088,03501037,1418517.4948,6800425.4496,1744086.7421,0.2086,0.8133
13088,03500936,1119015.6543,6800425.4496,1119218.7544,0.1646,0.9998
13088,03601449,5038.2964,6800425.4496,857869.7095,0.0007,0.0059
13088,03501038,1711175.1558,6800425.4496,1963316.2057,0.2516,0.8716
13088,03300517,2302212.6751,6800425.4496,5821376.4758,0.3385,0.3955
13088,03300516,2464.6953,6800425.4496,3904739.6795,0.0004,0.0006
13088,11100101,1271.2954,6800425.4496,8445990.6676,0.0002,0.0002
13089,03500932,5554.3537,3843793.0801,992022.9348,0.0014,0.0056
13089,03300517,1391.0373,3843793.0801,5821376.4758,0.0004,0.0002
13089,03300514,765.6601,3843793.0801,4717459.7239,0.0002,0.0002
13089,03300516,3833530.6635,3843793.0801,3904739.6795,0.9973,0.9818
13089,03400830,856.3332,3843793.0801,658977.8301,0.0002,0.0013
13089,03400831,1238.1881,3843793.0801,534552.7259,0.0003,0.0023
13125,03100101,11112196.7434,22381174.9544,18366828.0144,0.4965,0.6050
13125,03100102,2730113.0511,22381174.9544,2730802.1015,0.1220,0.9997
13125,03300412,3076671.0472,22381174.9544,3076672.0758,0.1375,1.0000
13125,03300413,1861765.4927,22381174.9544,1863260.0825,0.0832,0.9992
13125,03300514,56498.6995,22381174.9544,4717459.7239,0.0025,0.0120
13125,03300411,1667406.5017,22381174.9544,1667564.5250,0.0745,0.9999
13125,03100103,1875255.8161,22381174.9544,1875475.8913,0.0838,0.9999
13127,03200204,662323.2176,15003402.9794,13061177.1884,0.0441,0.0507
13127,03100101,7242491.9812,15003402.9794,18366828.0144,0.4827,0.3943
13127,03200310,2091684.3281,15003402.9794,2266310.6861,0.1394,0.9229
13127,03200309,2940278.1957,15003402.9794,3065937.9521,0.1960,0.9590
13127,03200308,1133716.5532,15003402.9794,1133722.2604,0.0756,1.0000
13127,03200207,550123.2007,15003402.9794,3079219.3485,0.0367,0.1787
13127,03400725,342036.3596,15003402.9794,1258498.4793,0.0228,0.2718
13127,03400724,39356.5078,15003402.9794,769701.4348,0.0026,0.0511
13127,03400831,1079.3614,15003402.9794,534552.7259,0.0001,0.0020
13129,03200309,125659.7564,6719954.1589,3065937.9521,0.0187,0.0410
13129,03400725,41867.4757,6719954.1589,1258498.4793,0.0062,0.0333
13129,03300517,777448.9821,6719954.1589,5821376.4758,0.1157,0.1336
13129,03300514,4659991.8459,6719954.1589,4717459.7239,0.6935,0.9878
13129,03300515,1047477.8632,6719954.1589,1162124.4765,0.1559,0.9013
13129,03300516,59552.6924,6719954.1589,3904739.6795,0.0089,0.0153
13129,03400831,7565.8782,6719954.1589,534552.7259,0.0011,0.0142
13156,12100102,61945.2711,5871025.9592,809540.3920,0.0106,0.0765
13156,03400619,389160.0362,5871025.9592,2168506.0230,0.0663,0.1795
13156,03200205,779265.7334,5871025.9592,2410648.6750,0.1327,0.3233
13156,03200206,1103981.3541,5871025.9592,1103981.3541,0.1880,1.0000
13156,03400620,1174168.0910,5871025.9592,1908872.3639,0.2000,0.6151
13156,03400722,248615.1412,5871025.9592,509430.2848,0.0423,0.4880
13156,03200207,1491268.7766,5871025.9592,3079219.3485,0.2540,0.4843
13156,03400725,621460.5199,5871025.9592,1258498.4793,0.1059,0.4938
13156,03400724,1161.0357,5871025.9592,769701.4348,0.0002,0.0015
13158,03400619,1779117.6809,6881581.9515,2168506.0230,0.2585,0.8204
13158,03400618,1797339.1233,6881581.9515,1797480.0158,0.2612,0.9999
13158,03200205,1630593.8552,6881581.9515,2410648.6750,0.2370,0.6764
13158,03200204,19346.7660,6881581.9515,13061177.1884,0.0028,0.0015
13158,03400620,616088.0361,6881581.9515,1908872.3639,0.0895,0.3227
13158,03200207,1037603.2641,6881581.9515,3079219.3485,0.1508,0.3370
13158,12100205,978.2798,6881581.9515,3373197.1286,0.0001,0.0003
13159,03200205,789.0864,12565225.3971,2410648.6750,0.0001,0.0003
13159,03200204,12378026.1304,12565225.3971,13061177.1884,0.9851,0.9477
13159,03100101,10038.9791,12565225.3971,18366828.0144,0.0008,0.0005
13159,03200310,174626.3580,12565225.3971,2266310.6861,0.0139,0.0771
13159,12500929,718.4278,12565225.3971,5008928.2535,0.0001,0.0001
13187,03400721,793223.1509,3314660.4743,793813.6128,0.2393,0.9993
13187,03601139,33439.9371,3314660.4743,453987.2710,0.0101,0.0737
13187,03400620,118607.4305,3314660.4743,1908872.3639,0.0358,0.0621
13187,03400722,260815.1436,3314660.4743,509430.2848,0.0787,0.5120
13187,03400725,253134.1241,3314660.4743,1258498.4793,0.0764,0.2011
13187,03400724,715002.2962,3314660.4743,769701.4348,0.2157,0.9289
13187,03400723,601688.2671,3314660.4743,607681.4090,0.1815,0.9901
13187,03400826,538240.5609,3314660.4743,658626.6675,0.1624,0.8172
13189,03601139,36382.0994,2513240.3941,453987.2710,0.0145,0.0801
13189,03400724,13801.8855,2513240.3941,769701.4348,0.0055,0.0179
13189,03500934,2339.7748,2513240.3941,626959.1982,0.0009,0.0037
13189,03400828,364129.0016,2513240.3941,364290.6841,0.1449,0.9996
13189,03400827,386666.5673,2513240.3941,413060.7467,0.1539,0.9361
13189,03400829,400260.8675,2513240.3941,400394.9042,0.1593,0.9997
13189,03400830,658121.4969,2513240.3941,658977.8301,0.2619,0.9987
13189,03400831,524641.3238,2513240.3941,534552.7259,0.2088,0.9815
13189,03400723,5993.1419,2513240.3941,607681.4090,0.0024,0.0099
13189,03400826,120386.1066,2513240.3941,658626.6675,0.0479,0.1828
13347,01401045,8669.6450,1633110.4268,267680.3633,0.0053,0.0324
13347,01401044,93242.6552,1633110.4268,491315.5612,0.0571,0.1898
13347,01401043,287270.9369,1633110.4268,298770.0531,0.1759,0.9615
13347,01400942,1374.7628,1633110.4268,531244.8233,0.0008,0.0026
13347,01400938,1121.6042,1633110.4268,1195559.8599,0.0007,0.0009
13347,01401047,4018.1238,1633110.4268,309022.6078,0.0025,0.0130
13347,01401049,358323.3778,1633110.4268,403926.1181,0.2194,0.8871
13347,01401048,365528.8641,1633110.4268,408103.9284,0.2238,0.8957
13347,01400940,44805.6083,1633110.4268,917450.6390,0.0274,0.0488
13347,01400939,54982.0271,1633110.4268,364449.3723,0.0337,0.1509
13347,01300836,413769.2231,1633110.4268,1440720.0388,0.2534,0.2872
13349,01400937,95623.3715,1481342.4176,3672449.5646,0.0646,0.0260
13349,01400938,41042.0406,1481342.4176,1195559.8599,0.0277,0.0343
13349,01401048,5378.8124,1481342.4176,408103.9284,0.0036,0.0132
13349,01400940,632680.1812,1481342.4176,917450.6390,0.4271,0.6896
13349,01400941,397149.3185,1481342.4176,450127.9042,0.2681,0.8823
13349,01400939,309467.3452,1481342.4176,364449.3723,0.2089,0.8491
13351,01400937,2043011.4759,2621237.6501,3672449.5646,0.7794,0.5563
13351,01400938,577797.7435,2621237.6501,1195559.8599,0.2204,0.4833
13353,01401043,11499.1162,3015889.6740,298770.0531,0.0038,0.0385
13353,01400942,529870.0605,3015889.6740,531244.8233,0.1757,0.9974
13353,01400937,3711.5714,3015889.6740,3672449.5646,0.0012,0.0010
13353,01400938,575598.4716,3015889.6740,1195559.8599,0.1909,0.4814
13353,01200517,794139.3285,3015889.6740,2483751.0804,0.2633,0.3197
13353,01401046,324896.8127,3015889.6740,324896.8127,0.1077,1.0000
13353,01401047,305004.4840,3015889.6740,309022.6078,0.1011,0.9870
13353,01401048,37196.2520,3015889.6740,408103.9284,0.0123,0.0911
13353,04100101,11552.5603,3015889.6740,5247991.9833,0.0038,0.0022
13353,01100308,979.2876,3015889.6740,1681761.3063,0.0003,0.0006
13353,01300836,419134.2297,3015889.6740,1440720.0388,0.1390,0.2909
13353,01200624,2307.4994,3015889.6740,687650.8193,0.0008,0.0034
13355,01300834,643930.4642,1729540.3737,774594.5092,0.3723,0.8313
13355,01100415,917.1431,1729540.3737,779748.8347,0.0005,0.0012
13355,01300835,938969.5126,1729540.3737,1103331.0614,0.5429,0.8510
13355,03601142,70083.2570,1729540.3737,907043.5113,0.0405,0.0773
13355,01300836,75213.5759,1729540.3737,1440720.0388,0.0435,0.0522
13357,01300834,130424.0915,1986118.2048,774594.5092,0.0657,0.1684
13357,01300733,593395.3663,1986118.2048,657952.2463,0.2988,0.9019
13357,01401045,180819.8501,1986118.2048,267680.3633,0.0910,0.6755
13357,01300835,164307.4102,1986118.2048,1103331.0614,0.0827,0.1489
13357,01401044,398072.9060,1986118.2048,491315.5612,0.2004,0.8102
13357,01300836,519098.4824,1986118.2048,1440720.0388,0.2614,0.3603
13359,01300733,64425.5773,1707022.7223,657952.2463,0.0377,0.0979
13359,01401045,78190.8682,1707022.7223,267680.3633,0.0458,0.2921
13359,01300730,343407.6496,1707022.7223,452723.4058,0.2012,0.7585
13359,01300731,565732.9482,1707022.7223,666590.2022,0.3314,0.8487
13359,01300732,587397.1882,1707022.7223,587775.7862,0.3441,0.9994
13359,01401049,45602.7402,1707022.7223,403926.1181,0.0267,0.1129
13359,01400940,21648.7347,1707022.7223,917450.6390,0.0127,0.0236
13359,03400721,589.4000,1707022.7223,793813.6128,0.0003,0.0007
13403,12200310,577767.3300,3498737.3079,819119.9317,0.1651,0.7054
13403,12200308,527370.6780,3498737.3079,527370.6780,0.1507,1.0000
13403,12200307,532450.2965,3498737.3079,532662.2784,0.1522,0.9996
13403,12200309,510619.4396,3498737.3079,707363.3589,0.1459,0.7219
13403,12100204,4197.5865,3498737.3079,1115145.5193,0.0012,0.0038
13403,12500825,204949.0508,3498737.3079,1848261.2503,0.0586,0.1109
13403,12200412,49242.2987,3498737.3079,5945112.5153,0.0141,0.0083
13403,12500930,405844.2267,3498737.3079,1612932.6026,0.1160,0.2516
13403,12100205,365079.1304,3498737.3079,3373197.1286,0.1043,0.1082
13403,12100206,321217.2707,3498737.3079,758940.7882,0.0918,0.4232
13405,01400937,1530102.8930,8549767.3790,3672449.5646,0.1790,0.4166
13405,12200414,4705122.6793,8549767.3790,5984852.7803,0.5503,0.7862
13405,12200310,176752.7953,8549767.3790,819119.9317,0.0207,0.2158
13405,12200411,670061.5535,8549767.3790,670061.5535,0.0784,1.0000
13405,12200309,196742.6967,8549767.3790,707363.3589,0.0230,0.2781
13405,12100204,33912.3775,8549767.3790,1115145.5193,0.0040,0.0304
13405,12200412,1229627.5424,8549767.3790,5945112.5153,0.1438,0.2068
13405,12100205,7178.8679,8549767.3790,3373197.1286,0.0008,0.0021
13407,01400940,194681.5384,4470232.7764,917450.6390,0.0436,0.2122
13407,01400941,52915.5671,4470232.7764,450127.9042,0.0118,0.1176
13407,12100204,1017776.1195,4470232.7764,1115145.5193,0.2277,0.9127
13407,12100101,2228.9201,4470232.7764,780171.8850,0.0005,0.0029
13407,12100103,51426.4466,4470232.7764,720158.9241,0.0115,0.0714
13407,12100102,913.9349,4470232.7764,809540.3920,0.0002,0.0011
13407,12500930,81265.9234,4470232.7764,1612932.6026,0.0182,0.0504
13407,12100205,2631368.9701,4470232.7764,3373197.1286,0.5886,0.7801
13407,12100206,437631.0824,4470232.7764,758940.7882,0.0979,0.5766
13409,01300730,109315.7562,2500542.1035,452723.4058,0.0437,0.2415
13409,01300731,100647.9403,2500542.1035,666590.2022,0.0403,0.1510
13409,01400940,23634.5764,2500542.1035,917450.6390,0.0095,0.0258
13409,12100204,59259.4358,2500542.1035,1115145.5193,0.0237,0.0531
13409,12100101,777917.5951,2500542.1035,780171.8850,0.3111,0.9971
13409,12100103,668732.4775,2500542.1035,720158.9241,0.2674,0.9286
13409,12100102,746451.8712,2500542.1035,809540.3920,0.2985,0.9221
13409,12100205,14581.2056,2500542.1035,3373197.1286,0.0058,0.0043
13435,12500927,14024.8727,2102295.3386,2493473.4514,0.0067,0.0056
13435,12601133,95613.5553,2102295.3386,917872.6339,0.0455,0.1042
13435,12601235,749.2819,2102295.3386,523175.5809,0.0004,0.0014
13435,12601031,889945.1931,2102295.3386,1133565.1238,0.4233,0.7851
13435,12601134,914178.8399,2102295.3386,1127298.4060,0.4348,0.8109
13435,12601236,159470.5903,2102295.3386,577991.8165,0.0759,0.2759
13435,12500926,28245.0397,2102295.3386,947056.4177,0.0134,0.0298
13437,12500927,1739769.1540,4359727.4508,2493473.4514,0.3991,0.6977
13437,12601031,243111.5840,4359727.4508,1133565.1238,0.0558,0.2145
13437,12500825,22724.9673,4359727.4508,1848261.2503,0.0052,0.0123
13437,12500930,1124218.4117,4359727.4508,1612932.6026,0.2579,0.6970
13437,12500926,874996.3518,4359727.4508,947056.4177,0.2007,0.9239
13437,12100205,353996.5380,4359727.4508,3373197.1286,0.0812,0.1049
13439,12601133,821938.4513,2019773.5705,917872.6339,0.4069,0.8955
13439,12601235,522313.7912,2019773.5705,523175.5809,0.2586,0.9984
13439,12601134,212838.6943,2019773.5705,1127298.4060,0.1054,0.1888
13439,12601236,418521.2262,2019773.5705,577991.8165,0.2072,0.7241
13439,12500926,43815.0262,2019773.5705,947056.4177,0.0217,0.0463
13465,12400722,46047.1800,7983994.4275,3156674.5747,0.0058,0.0146
13465,12400720,2747912.0587,7983994.4275,2748491.4399,0.3442,0.9998
13465,12400721,5086143.5683,7983994.4275,5087600.2707,0.6370,0.9997
13465,12400723,102040.7567,7983994.4275,2898749.9795,0.0128,0.0352
13467,12400722,2939410.2417,5738172.1679,3156674.5747,0.5123,0.9312
13467,12400619,1392.2531,5738172.1679,17912699.2408,0.0002,0.0001
13467,12500929,603.9452,5738172.1679,5008928.2535,0.0001,0.0001
13467,12400723,2795339.5902,5738172.1679,2898749.9795,0.4871,0.9643
13467,12500928,1146.4224,5738172.1679,1731072.1745,0.0002,0.0007
13469,12500927,522229.6237,7743120.6890,2493473.4514,0.0674,0.2094
13469,12601031,508.3466,7743120.6890,1133565.1238,0.0001,0.0004
13469,12601032,500990.3862,7743120.6890,501074.2832,0.0647,0.9998
13469,12500929,5006938.2330,7743120.6890,5008928.2535,0.6466,0.9996
13469,12500928,1710996.8622,7743120.6890,1731072.1745,0.2210,0.9884
13503,12400617,4943213.4105,16782098.5462,5355921.8580,0.2946,0.9229
13503,12500824,106665.8380,16782098.5462,2226945.7268,0.0064,0.0479
13503,12400618,3244642.3570,16782098.5462,3245666.0874,0.1933,0.9997
13503,12400722,170867.2776,16782098.5462,3156674.5747,0.0102,0.0541
13503,12400619,8316389.1203,16782098.5462,17912699.2408,0.4956,0.4643
13505,12400617,411551.4056,10421740.0401,5355921.8580,0.0395,0.0768
13505,12400616,2335318.3965,10421740.0401,2335367.6218,0.2241,1.0000
13505,12200515,13933.3316,10421740.0401,2391362.1915,0.0013,0.0058
13505,05100101,947.5971,10421740.0401,16161877.0742,0.0001,0.0001
13505,12400619,7659258.9540,10421740.0401,17912699.2408,0.7349,0.4276
13507,12500824,80577.6645,8631409.8793,2226945.7268,0.0093,0.0362
13507,12200515,2328602.1676,8631409.8793,2391362.1915,0.2698,0.9738
13507,12200413,754810.1471,8631409.8793,754810.1471,0.0874,1.0000
13507,12400619,1559693.0894,8631409.8793,17912699.2408,0.1807,0.0871
13507,12200412,3907531.0913,8631409.8793,5945112.5153,0.4527,0.6573
13509,12200310,64599.8064,4513718.3677,819119.9317,0.0143,0.0789
13509,12500927,217449.8009,4513718.3677,2493473.4514,0.0482,0.0872
13509,12500825,1620587.2322,4513718.3677,1848261.2503,0.3590,0.8768
13509,12500824,2038904.7535,4513718.3677,2226945.7268,0.4517,0.9156
13509,12200515,48818.1210,4513718.3677,2391362.1915,0.0108,0.0204
13509,12200412,503019.3108,4513718.3677,5945112.5153,0.1114,0.0846
13509,12500930,1604.0407,4513718.3677,1612932.6026,0.0004,0.0010
13509,12500928,18537.5461,4513718.3677,1731072.1745,0.0041,0.0107
13581,05200527,341245.0979,3928501.0298,1311270.2718,0.0869,0.2602
13581,05200423,153213.0407,3928501.0298,640094.2081,0.0390,0.2394
13581,05200421,772.8653,3928501.0298,719771.5821,0.0002,0.0011
13581,05200630,322450.9847,3928501.0298,908719.3043,0.0821,0.3548
13581,05200631,82632.1534,3928501.0298,541895.3901,0.0210,0.1525
13581,05200629,1290448.9549,3928501.0298,1324992.8048,0.3285,0.9739
13581,05100316,8147.9195,3928501.0298,1376928.9320,0.0021,0.0059
13581,05200632,34199.4645,3928501.0298,1564303.9276,0.0087,0.0219
13581,05100211,5527.7215,3928501.0298,1402191.1001,0.0014,0.0039
13581,05200420,1689862.8275,3928501.0298,2626402.8537,0.4302,0.6434
13583,05100209,280635.7259,2356976.2941,746732.8661,0.1191,0.3758
13583,05100210,505978.5414,2356976.2941,544557.4159,0.2147,0.9292
13583,05100316,569738.4273,2356976.2941,1376928.9320,0.2417,0.4138
13583,05100315,14561.1262,2356976.2941,488935.4632,0.0062,0.0298
13583,05100105,111787.2327,2356976.2941,2201627.0946,0.0474,0.0508
13583,05100211,873878.5656,2356976.2941,1402191.1001,0.3708,0.6232
13585,05100210,28413.1384,2678756.1918,544557.4159,0.0106,0.0522
13585,05100312,332565.5954,2678756.1918,332565.5954,0.1241,1.0000
13585,05100316,253636.1862,2678756.1918,1376928.9320,0.0947,0.1842
13585,05100315,474374.3369,2678756.1918,488935.4632,0.1771,0.9702
13585,05100105,115324.6385,2678756.1918,2201627.0946,0.0431,0.0524
13585,05100314,459271.3003,2678756.1918,474886.8311,0.1714,0.9671
13585,05100313,1014948.4514,2678756.1918,1664699.2336,0.3789,0.6097
13587,05100102,320764.8313,17744786.0995,320764.8313,0.0181,1.0000
13587,05100105,511947.1928,17744786.0995,2201627.0946,0.0289,0.2325
13587,05100104,559098.8034,17744786.0995,559102.0628,0.0315,1.0000
13587,05100313,649315.0374,17744786.0995,1664699.2336,0.0366,0.3900
13587,05100103,718802.2399,17744786.0995,718802.2399,0.0405,1.0000
13587,05100101,14983286.4148,17744786.0995,16161877.0742,0.8444,0.9271
13589,05100208,1634316.3007,6714880.4785,1764667.3693,0.2434,0.9261
13589,05100209,466097.1402,6714880.4785,746732.8661,0.0694,0.6242
13589,05100206,1937337.4605,6714880.4785,1937344.4579,0.2885,1.0000
13589,05100210,10165.7361,6714880.4785,544557.4159,0.0015,0.0187
13589,05100105,1462568.0306,6714880.4785,2201627.0946,0.2178,0.6643
13589,05100101,1175928.7054,6714880.4785,16161877.0742,0.1751,0.0728
13589,05100211,27801.9308,6714880.4785,1402191.1001,0.0041,0.0198
13591,05200526,46205.2652,8896728.1727,379020.4812,0.0052,0.1219
13591,05200527,84349.7689,8896728.1727,1311270.2718,0.0095,0.0643
13591,05200525,851069.4756,8896728.1727,1474506.0525,0.0957,0.5772
13591,05200524,1660045.6041,8896728.1727,1660189.8159,0.1866,0.9999
13591,05200423,486881.1674,8896728.1727,640094.2081,0.0547,0.7606
13591,05200422,1187423.6896,8896728.1727,1187429.3981,0.1335,1.0000
13591,05200418,1284104.1993,8896728.1727,1284104.2004,0.1443,1.0000
13591,05200421,718998.7168,8896728.1727,719771.5821,0.0808,0.9989
13591,05100208,130265.3845,8896728.1727,1764667.3693,0.0146,0.0738
13591,05100207,591993.4009,8896728.1727,592325.8741,0.0665,0.9994
13591,05200419,422104.1118,8896728.1727,422104.1118,0.0474,1.0000
13591,05100211,494960.0619,8896728.1727,1402191.1001,0.0556,0.3530
13591,05200420,936437.1043,8896728.1727,2626402.8537,0.1053,0.3565
13593,05200528,2601970.0877,4542320.9933,2737106.5360,0.5728,0.9506
13593,05200526,332815.2160,4542320.9933,379020.4812,0.0733,0.8781
13593,05200527,885670.8096,4542320.9933,1311270.2718,0.1950,0.6754
13593,05200525,623434.7778,4542320.9933,1474506.0525,0.1373,0.4228
13593,05200633,97035.3454,4542320.9933,490834.2886,0.0214,0.1977
13595,05200528,135088.7062,5309507.2375,2737106.5360,0.0254,0.0494
13595,05200633,393798.9432,5309507.2375,490834.2886,0.0742,0.8023
13595,05200630,586268.0537,5309507.2375,908719.3043,0.1104,0.6452
13595,05200631,458822.5818,5309507.2375,541895.3901,0.0864,0.8467
13595,05200629,3173.0450,5309507.2375,1324992.8048,0.0006,0.0024
13595,05200634,3720768.0442,5309507.2375,3732491.5036,0.7008,0.9969
13595,05200632,11274.2522,5309507.2375,1564303.9276,0.0021,0.0072
13597,04200203,1193459.4337,5788626.7708,3262937.0969,0.2062,0.3658
13597,05300840,962.9024,5788626.7708,3273336.7463,0.0002,0.0003
13597,05100317,2269322.9193,5788626.7708,2277692.6825,0.3920,0.9963
13597,05200629,31153.6998,5788626.7708,1324992.8048,0.0054,0.0235
13597,05100316,545372.1114,5788626.7708,1376928.9320,0.0942,0.3961
13597,05100314,15524.8990,5788626.7708,474886.8311,0.0027,0.0327
13597,05200634,11413.9413,5788626.7708,3732491.5036,0.0020,0.0031
13597,05200632,1518781.5437,5788626.7708,1564303.9276,0.2624,0.9709
13597,05300736,202081.0849,5788626.7708,2617802.2095,0.0349,0.0772
13599,05300840,869735.9815,6981439.2247,3273336.7463,0.1246,0.2657
13599,05300838,883773.7486,6981439.2247,934304.0438,0.1266,0.9459
13599,05300735,1032068.1827,6981439.2247,1032418.2364,0.1478,0.9997
13599,05100317,632.9207,6981439.2247,2277692.6825,0.0001,0.0003
13599,12200414,107185.8024,6981439.2247,5984852.7803,0.0154,0.0179
13599,05300737,1041047.8959,6981439.2247,1041268.9866,0.1491,0.9998
13599,05300736,2415582.6868,6981439.2247,2617802.2095,0.3460,0.9228
13599,12400619,375553.2176,6981439.2247,17912699.2408,0.0538,0.0210
13599,12200412,255383.6165,6981439.2247,5945112.5153,0.0366,0.0430
13627,04100102,537607.6958,4971755.6244,537607.6958,0.1081,1.0000
13627,04300518,30882.3818,4971755.6244,1375972.9345,0.0062,0.0224
13627,01200517,2203.6740,4971755.6244,2483751.0804,0.0004,0.0009
13627,05300841,553.5429,4971755.6244,267896.7432,0.0001,0.0021
13627,05300840,179554.0796,4971755.6244,3273336.7463,0.0361,0.0549
13627,04100101,4197733.9491,4971755.6244,5247991.9833,0.8443,0.7999
13627,04200308,22881.8852,4971755.6244,2753847.5320,0.0046,0.0083
13629,05300841,267343.2002,5890629.3044,267896.7432,0.0454,0.9979
13629,05300840,2223060.3387,5890629.3044,3273336.7463,0.3774,0.6791
13629,05300839,1217306.4067,5890629.3044,1217306.4067,0.2067,1.0000
13629,05300838,50530.2952,5890629.3044,934304.0438,0.0086,0.0541
13629,12200414,1172348.5791,5890629.3044,5984852.7803,0.1990,0.1959
13629,04100101,959092.6126,5890629.3044,5247991.9833,0.1628,0.1828
14050,04200310,207919.2904,2537072.7012,931172.5023,0.0820,0.2233
14050,04200311,112787.7345,2537072.7012,1555077.2618,0.0445,0.0725
14050,04200309,92951.4979,2537072.7012,677199.1058,0.0366,0.1373
14050,04200308,2123216.2818,2537072.7012,2753847.5320,0.8369,0.7710
14052,04200206,3096.1627,2178123.6862,1484882.7710,0.0014,0.0021
14052,04200205,144461.0726,2178123.6862,977330.0337,0.0663,0.1478
14052,04200203,494976.1686,2178123.6862,3262937.0969,0.2272,0.1517
14052,04200310,678360.6221,2178123.6862,931172.5023,0.3114,0.7285
14052,04200311,114772.5484,2178123.6862,1555077.2618,0.0527,0.0738
14052,04200309,582747.9811,2178123.6862,677199.1058,0.2675,0.8605
14052,05100317,7593.8249,2178123.6862,2277692.6825,0.0035,0.0033
14052,04200308,152115.3056,2178123.6862,2753847.5320,0.0698,0.0552
14053,04200205,99500.4166,1595760.6885,977330.0337,0.0624,0.1018
14053,04200203,1496260.2719,1595760.6885,3262937.0969,0.9376,0.4586
14193,06400737,261159.8412,20697488.1455,16483131.8912,0.0126,0.0158
14193,06400842,570433.9276,20697488.1455,2973603.9498,0.0276,0.1918
14193,04400729,3102216.7633,20697488.1455,3752762.8788,0.1499,0.8266
14193,04200207,13642030.3483,20697488.1455,17433089.5871,0.6591,0.7825
14193,04400727,797377.0630,20697488.1455,914525.9027,0.0385,0.8719
14193,04400726,1362910.2984,20697488.1455,1427773.1226,0.0658,0.9546
14193,04400728,941074.6798,20697488.1455,943221.8592,0.0455,0.9977
14193,04400725,18788.8464,20697488.1455,543417.6190,0.0009,0.0346
14193,05400942,1267.8250,20697488.1455,11504849.8165,0.0001,0.0001
14057,04300414,59217.5251,1078662.4832,562286.0136,0.0549,0.1053
14057,04300415,507715.9968,1078662.4832,632834.9587,0.4707,0.8023
14057,04300416,266327.8366,1078662.4832,580416.2356,0.2469,0.4589
14057,04200310,29593.5352,1078662.4832,931172.5023,0.0274,0.0318
14057,04200311,215730.9753,1078662.4832,1555077.2618,0.2000,0.1387
14059,04300518,902.3081,2840456.2744,1375972.9345,0.0003,0.0007
14059,04300413,478472.8344,2840456.2744,478472.8344,0.1684,1.0000
14059,04300414,296755.7535,2840456.2744,562286.0136,0.1045,0.5278
14059,04200311,311384.5768,2840456.2744,1555077.2618,0.1096,0.2002
14059,04100101,73508.4127,2840456.2744,5247991.9833,0.0259,0.0140
14059,04300412,1224304.1839,2840456.2744,1260436.4967,0.4310,0.9713
14059,04200308,455128.2049,2840456.2744,2753847.5320,0.1602,0.1653
14089,05400945,1736535.8255,24880919.7796,1736535.8866,0.0698,1.0000
14089,05400944,4309900.5201,24880919.7796,4310388.8583,0.1732,0.9999
14089,05400943,7328859.5173,24880919.7796,7328975.5737,0.2946,1.0000
14089,05400942,11502943.3969,24880919.7796,11504849.8165,0.4623,0.9998
14109,06400736,962061.0625,25218064.8623,3129154.1907,0.0381,0.3075
14109,06400737,529605.4492,25218064.8623,16483131.8912,0.0210,0.0321
14109,06400735,23721359.3553,25218064.8623,23725255.2716,0.9406,0.9998
14129,06400736,1262791.5616,20467864.2443,3129154.1907,0.0617,0.4036
14129,06400737,15691673.0614,20467864.2443,16483131.8912,0.7666,0.9520
14129,06400735,1560.2973,20467864.2443,23725255.2716,0.0001,0.0001
14129,06400838,3511205.4358,20467864.2443,6416356.7498,0.1715,0.5472
14163,06300524,831526.6701,6055982.3854,1744805.3845,0.1373,0.4766
14163,06300526,621404.5645,6055982.3854,904932.0852,0.1026,0.6867
14163,06400736,904080.1944,6055982.3854,3129154.1907,0.1493,0.2889
14163,06400838,1747246.0698,6055982.3854,6416356.7498,0.2885,0.2723
14163,06400839,1649531.3102,6055982.3854,1831904.6624,0.2724,0.9004
14163,06400840,299624.9669,6055982.3854,1384763.8924,0.0495,0.2164
14163,06400841,2119.9804,6055982.3854,1101631.6597,0.0004,0.0019
14165,06300525,1283875.1636,3373428.1074,1312876.1473,0.3806,0.9779
14165,06300528,1149687.3044,3373428.1074,3118031.7817,0.3408,0.3687
14165,06300524,913273.2187,3373428.1074,1744805.3845,0.2707,0.5234
14165,06300526,25107.9628,3373428.1074,904932.0852,0.0074,0.0277
14167,06300632,1787611.9980,5777328.8516,3084440.1175,0.3094,0.5796
14167,06300634,5943.6544,5777328.8516,1583381.5744,0.0010,0.0038
14167,06300631,1328375.6413,5777328.8516,1782789.2930,0.2299,0.7451
14167,06300525,28975.5574,5777328.8516,1312876.1473,0.0050,0.0221
14167,06300528,1968344.4435,5777328.8516,3118031.7817,0.3407,0.6313
14167,06300526,106211.9145,5777328.8516,904932.0852,0.0184,0.1174
14167,06300527,550762.2113,5777328.8516,979531.9727,0.0953,0.5623
14167,06200420,893.2173,5777328.8516,1370075.1207,0.0002,0.0007
14169,06300526,152207.6435,5100145.1192,904932.0852,0.0298,0.1682
14169,06300527,428021.8996,5100145.1192,979531.9727,0.0839,0.4370
14169,06400838,1157682.8337,5100145.1192,6416356.7498,0.2270,0.1804
14169,06400839,182373.3522,5100145.1192,1831904.6624,0.0358,0.0996
14169,06400840,1085138.8298,5100145.1192,1384763.8924,0.2128,0.7836
14169,06400841,1099440.1491,5100145.1192,1101631.6597,0.2156,0.9980
14169,06400843,52517.5655,5100145.1192,2110254.8005,0.0103,0.0249
14169,06400842,896706.7369,5100145.1192,2973603.9498,0.1758,0.3016
14169,06300629,45669.9264,5100145.1192,1416112.8017,0.0090,0.0323
14193,06400737,261159.8412,20697488.1455,16483131.8912,0.0126,0.0158
14193,06400842,570433.9276,20697488.1455,2973603.9498,0.0276,0.1918
14193,04400729,3102216.7633,20697488.1455,3752762.8788,0.1499,0.8266
14193,04200207,13642030.3483,20697488.1455,17433089.5871,0.6591,0.7825
14193,04400727,797377.0630,20697488.1455,914525.9027,0.0385,0.8719
14193,04400726,1362910.2984,20697488.1455,1427773.1226,0.0658,0.9546
14193,04400728,941074.6798,20697488.1455,943221.8592,0.0455,0.9977
14193,04400725,18788.8464,20697488.1455,543417.6190,0.0009,0.0346
14193,05400942,1267.8250,20697488.1455,11504849.8165,0.0001,0.0001
14195,06400843,2031012.5086,8100428.9547,2110254.8005,0.2507,0.9624
14195,06400844,3301822.8156,8100428.9547,3307166.6409,0.4076,0.9984
14195,06400842,1506463.2853,8100428.9547,2973603.9498,0.1860,0.5066
14195,06300629,259185.2382,8100428.9547,1416112.8017,0.0320,0.1830
14195,06100101,48629.1927,8100428.9547,989497.2595,0.0060,0.0491
14195,06100103,999.1324,8100428.9547,461083.5113,0.0001,0.0022
14195,04400835,5668.0309,8100428.9547,599920.4443,0.0007,0.0094
14195,04400834,2503.9975,8100428.9547,422921.1677,0.0003,0.0059
14195,04400833,1400.2250,8100428.9547,353041.6075,0.0002,0.0040
14195,04400832,116627.3279,8100428.9547,666841.4723,0.0144,0.1749
14195,04400831,209443.9815,8100428.9547,544449.2388,0.0259,0.3847
14195,04400729,616597.4278,8100428.9547,3752762.8788,0.0761,0.1643
14197,07300516,16638.7057,1585057.2499,458495.3040,0.0105,0.0363
14197,07300515,43338.5730,1585057.2499,366887.2990,0.0273,0.1181
14197,06100103,36824.4166,1585057.2499,461083.5113,0.0232,0.0799
14197,04501148,23279.4321,1585057.2499,419896.4866,0.0147,0.0554
14197,04400835,594193.2447,1585057.2499,599920.4443,0.3749,0.9905
14197,04400834,416146.2955,1585057.2499,422921.1677,0.2625,0.9840
14197,04400833,302326.0219,1585057.2499,353041.6075,0.1907,0.8563
14197,04400832,3586.8872,1585057.2499,666841.4723,0.0023,0.0054
14197,04400830,148723.2125,1585057.2499,1493892.0923,0.0938,0.0996
14199,06400844,4927.0366,2411684.7893,3307166.6409,0.0020,0.0015
14199,04400834,4263.2229,2411684.7893,422921.1677,0.0018,0.0101
14199,04400833,49315.3606,2411684.7893,353041.6075,0.0204,0.1397
14199,04400832,546627.2571,2411684.7893,666841.4723,0.2267,0.8197
14199,04400831,335004.0322,2411684.7893,544449.2388,0.1389,0.6153
14199,04400729,7528.2145,2411684.7893,3752762.8788,0.0031,0.0020
14199,04400727,116832.8232,2411684.7893,914525.9027,0.0484,0.1278
14199,04400830,1344838.2597,2411684.7893,1493892.0923,0.5576,0.9002
14199,04400728,2147.1794,2411684.7893,943221.8592,0.0009,0.0023
12439,09200716,4268.3224,2818134.5522,947242.8620,0.0015,0.0045
12439,09200717,76233.7847,2818134.5522,2544489.6012,0.0271,0.0300
12439,09200614,1071437.8604,2818134.5522,1071797.3327,0.3802,0.9997
12439,09100409,22698.0106,2818134.5522,2986374.2619,0.0081,0.0076
12439,09200613,1634547.4317,2818134.5522,1904314.4154,0.5800,0.8583
12439,09200511,8510.7627,2818134.5522,1357879.8573,0.0030,0.0063
14055,04400729,26420.4731,7901293.9223,3752762.8788,0.0033,0.0070
14055,04200207,3790923.9776,7901293.9223,17433089.5871,0.4798,0.2175
14055,04200206,1481726.3136,7901293.9223,1484882.7710,0.1875,0.9979
14055,04200205,733368.5444,7901293.9223,977330.0337,0.0928,0.7504
14055,04200204,361162.7668,7901293.9223,361276.6088,0.0457,0.9997
14055,04200203,78241.2227,7901293.9223,3262937.0969,0.0099,0.0240
14055,04300415,125086.3074,7901293.9223,632834.9587,0.0158,0.1977
14055,04400725,486632.6678,7901293.9223,543417.6190,0.0616,0.8955
14055,04200310,15299.0546,7901293.9223,931172.5023,0.0019,0.0164
14055,04200311,800397.8534,7901293.9223,1555077.2618,0.1013,0.5147
14055,04200309,1499.6269,7901293.9223,677199.1058,0.0002,0.0022
15537,09301228,6647.7661,6661.0203,14754154.4111,0.9980,0.0005
15569,09501838,1219.4293,1221.0302,21437501.4377,0.9987,0.0001
