plr_id,plr_name,bezirk,flaeche_km2,centroid_lat,centroid_lng,einwohner_gesamt,einwohner_18_35,einwohner_dichte,medianeinkommen_eur,mss_status_index,mss_dynamik_label,doener_count,doener_avg_rating,doener_total_reviews,doener_best_rating,doener_pct_delivery,doener_avg_hours_per_week,doener_pct_late_night,doener_pct_open_sunday,doener_avg_price_level,transit_count,university_count,school_count,nightlife_count,office_count,fastfood_count,gastro_gesamt,gastro_neu,einwohner_pro_doener,wettbewerb_index,gastro_fluktuation,gentrification_flag
11501341,Karlshorst Süd,Lichtenberg,2.294,52.479611,13.518742,10103.0,2270.0,4404.1,5154.0,2.0,negativ,2,4.2,154,4.6,50.0,101.0,100.0,100.0,1.0,25,0,19,1,6,0,16,8,5051.5,0.198,0.5,0.0
07601340,Tirschenreuther Ring Ost,Tempelhof-Schoeneberg,0.414,52.410178,13.35487,6416.0,1281.0,15497.6,3325.0,3.0,stabil,1,3.6,336,3.6,100.0,84.0,100.0,100.0,1.0,4,0,8,2,4,1,9,3,6416.0,0.312,0.333,0.0
02500831,Wismarplatz,Friedrichshain-Kreuzberg,0.249,52.512474,13.46516,7857.0,2424.0,31554.2,4327.0,2.0,stabil,2,4.9,1832,4.9,100.0,128.0,100.0,100.0,1.0,7,0,8,13,5,0,39,19,3928.5,0.255,0.487,0.0
12601134,Märkisches Zentrum,Reinickendorf,1.1279,52.601326,13.350792,16006.0,3517.0,14191.0,3151.0,4.0,stabil,3,4.4,1163,4.9,66.7,106.2,66.7,100.0,1.0,15,0,16,6,11,2,37,11,5335.3,0.312,0.297,0.0
07601547,Horstwalder Straße,Tempelhof-Schoeneberg,0.9414,52.380759,13.410935,3828.0,547.0,4066.3,4001.0,2.0,stabil,0,,0,,,,,,,12,0,1,1,3,1,6,1,,0.261,0.167,0.0
08301036,Gropiusstadt Mitte,Neukoelln,0.695,52.426188,13.4702,7448.0,1613.0,10716.5,3257.0,3.0,stabil,1,4.7,29,4.7,0.0,84.0,100.0,100.0,1.0,14,0,6,2,5,0,4,2,7448.0,0.134,0.5,0.0
05200421,Spandauer Straße,Spandau,0.7201,52.535361,13.14216,4360.0,964.0,6054.7,3412.0,2.0,negativ,0,,0,,,,,,,4,0,4,1,1,0,7,2,,0.0,0.286,0.0
05200418,Isenburger Weg,Spandau,1.2846,52.544076,13.135361,3847.0,601.0,2994.7,4403.0,1.0,stabil,0,,0,,,,,,,7,0,0,0,1,0,4,1,,0.0,0.25,0.0
11501238,Rummelsburg,Lichtenberg,2.4015,52.491312,13.494826,4899.0,1059.0,2040.0,5096.0,2.0,stabil,1,4.7,675,4.7,100.0,0.0,0.0,100.0,1.0,26,0,5,3,11,0,15,3,4899.0,0.204,0.2,0.0
07200412,Schöneberger Linse,Tempelhof-Schoeneberg,0.2313,52.476741,13.360617,2611.0,991.0,11288.4,5679.0,2.0,positiv,0,,0,,,,,,,7,0,4,1,11,1,6,4,,0.383,0.667,1.0
07100103,Frobenstraße,Tempelhof-Schoeneberg,0.342,52.498648,13.357398,7897.0,1967.0,23090.6,3904.0,2.0,stabil,6,4.6,836,4.9,33.3,70.9,66.7,100.0,1.0,6,2,7,11,12,2,86,22,1316.2,1.013,0.256,0.0
03400618,Rosenthal,Pankow,1.7984,52.597673,13.378752,4783.0,799.0,2659.6,4352.0,1.0,stabil,3,4.5,468,4.7,66.7,75.7,33.3,100.0,4.0,27,0,5,0,4,1,11,4,1594.3,0.836,0.364,0.0
10200526,Boulevard Kastanienallee,Marzahn-Hellersdorf,0.5266,52.531648,13.603775,6241.0,1414.0,11851.5,3013.0,4.0,positiv,1,3.4,75,3.4,0.0,90.0,100.0,100.0,1.0,2,0,5,2,3,1,19,9,6241.0,0.32,0.474,0.0
07300516,Odenwaldstraße,Tempelhof-Schoeneberg,0.4587,52.469749,13.325148,8896.0,2129.0,19393.9,4789.0,1.0,stabil,2,4.35,801,4.9,0.0,118.0,100.0,100.0,1.0,8,1,17,7,4,3,46,19,4448.0,0.562,0.413,0.0
10100205,Gewerbegebiet Bitterfelder Straße,Marzahn-Hellersdorf,3.6013,52.55497,13.541085,1221.0,421.0,339.0,,,,1,3.3,11,3.3,100.0,77.0,0.0,100.0,,9,1,1,2,26,2,19,5,1221.0,2.457,0.263,
02300315,Lausitzer Platz,Friedrichshain-Kreuzberg,0.3509,52.500848,13.428516,8209.0,2047.0,23394.1,4042.0,2.0,positiv,9,4.43,9164,4.9,55.6,102.4,100.0,100.0,8.33,8,1,20,26,13,4,127,53,912.1,1.584,0.417,1.0
07601548,Wittelsbacherstraße,Tempelhof-Schoeneberg,0.9683,52.383036,13.418958,2896.0,397.0,2990.8,4419.0,2.0,stabil,0,,0,,,,,,,3,0,1,1,2,0,5,3,,0.0,0.6,0.0
10100314,Auersbergstraße,Marzahn-Hellersdorf,0.4709,52.538101,13.555707,6455.0,1064.0,13707.8,3261.0,2.0,stabil,1,4.6,553,4.6,0.0,119.0,100.0,100.0,1.0,12,0,5,1,6,1,9,5,6455.0,0.31,0.556,0.0
07601443,Töpchiner Weg,Tempelhof-Schoeneberg,1.9867,52.403599,13.412282,10849.0,1691.0,5460.8,3992.0,2.0,stabil,0,,0,,,,,,,10,0,9,1,6,0,23,10,,0.0,0.435,0.0
03601245,Ostseestraße,Pankow,0.966,52.54648,13.435799,13511.0,3840.0,13986.5,4182.0,2.0,stabil,5,4.12,366,4.7,0.0,77.7,66.7,100.0,1.0,22,0,15,7,12,2,48,15,2702.2,0.518,0.312,0.0
02500832,Traveplatz,Friedrichshain-Kreuzberg,0.3696,52.509486,13.472018,9541.0,3216.0,25814.4,4812.0,2.0,positiv,6,4.4,1324,4.7,66.7,99.8,100.0,83.3,1.0,8,1,11,15,10,2,62,27,1590.2,0.838,0.435,1.0
10200630,Cecilienplatz,Marzahn-Hellersdorf,0.3773,52.522087,13.59148,6627.0,927.0,17564.3,3215.0,2.0,stabil,0,,0,,,,,,,2,0,2,1,0,0,8,2,,0.0,0.25,0.0
02100104,Moritzplatz,Friedrichshain-Kreuzberg,0.3805,52.504564,13.409542,5550.0,1542.0,14586.1,3538.0,3.0,positiv,4,4.58,1258,4.8,25.0,76.8,75.0,75.0,1.0,11,2,9,14,30,3,50,13,1387.5,1.261,0.26,0.0
03701554,Teutoburger Platz,Pankow,0.5485,52.535414,13.408519,11453.0,3062.0,20880.6,5667.0,2.0,stabil,3,4.83,4249,4.9,66.7,100.4,100.0,100.0,1.0,9,1,28,38,33,5,178,73,3817.7,0.699,0.41,0.0
03500933,Weißer See,Pankow,1.0552,52.554578,13.456535,7686.0,1534.0,7283.9,4311.0,2.0,stabil,0,,0,,,,,,,19,0,10,5,9,0,24,9,,0.0,0.375,0.0
07100204,Barbarossaplatz,Tempelhof-Schoeneberg,0.5152,52.492466,13.351739,10425.0,2626.0,20234.9,4849.0,2.0,stabil,2,4.8,205,4.9,0.0,87.5,100.0,100.0,1.0,0,2,23,14,12,2,72,23,5212.5,0.384,0.319,0.0
05200420,Staakener Straße,Spandau,2.6275,52.53242,13.16589,5910.0,1041.0,2249.3,3854.0,2.0,stabil,2,4.7,1832,4.8,50.0,84.0,50.0,50.0,1.0,10,0,4,3,2,0,18,7,2955.0,0.338,0.389,0.0
08100312,Weichselplatz,Neukoelln,0.5159,52.486187,13.43725,11499.0,3086.0,22289.2,4038.0,2.0,positiv,2,4.75,862,4.9,0.0,74.5,100.0,100.0,5.5,7,2,22,31,8,6,110,36,5749.5,0.696,0.327,1.0
10100103,Wittenberger Straße,Marzahn-Hellersdorf,0.6867,52.562711,13.569703,8110.0,1778.0,11810.1,2973.0,3.0,stabil,4,3.85,1033,4.5,25.0,18.8,25.0,100.0,1.0,1,0,3,4,7,1,30,15,2027.5,0.617,0.5,0.0
03601451,Anton-Saefkow-Park,Pankow,0.5469,52.535997,13.438976,6527.0,1706.0,11934.5,4743.0,2.0,stabil,2,4.5,223,4.8,50.0,108.0,100.0,100.0,1.0,10,0,6,3,4,2,15,4,3263.5,0.613,0.267,0.0
06400736,Düppel,Steglitz-Zehlendorf,3.1305,52.421463,13.205513,5139.0,669.0,1641.6,4982.0,1.0,stabil,0,,0,,,,,,,9,0,7,0,5,0,9,2,,0.0,0.222,0.0
01400937,Afrikanische Straße,Mitte,3.6742,52.552993,13.328634,10966.0,3174.0,2984.6,3519.0,2.0,stabil,2,4.1,254,4.2,50.0,79.0,50.0,100.0,1.0,15,0,9,6,14,3,49,13,5483.0,0.456,0.265,0.0
07601339,Tirschenreuther Ring West,Tempelhof-Schoeneberg,0.4538,52.41081,13.347995,5721.0,1029.0,12606.9,3303.0,3.0,stabil,2,4.25,539,4.8,50.0,85.8,100.0,100.0,1.0,10,0,5,0,1,0,5,3,2860.5,0.35,0.6,0.0
06300632,Schweizer Viertel,Steglitz-Zehlendorf,3.0859,52.42267,13.285869,13695.0,2215.0,4437.9,5353.0,1.0,negativ,1,4.7,278,4.7,100.0,66.0,0.0,0.0,1.0,26,0,5,3,11,1,22,3,13695.0,0.146,0.136,0.0
07601545,Nahariyastraße,Tempelhof-Schoeneberg,0.9005,52.390759,13.41414,8570.0,1791.0,9516.9,3201.0,4.0,stabil,0,,0,,,,,,,13,0,15,3,7,1,5,1,,0.117,0.2,0.0
05100103,Mertensstraße,Spandau,0.7191,52.563078,13.221109,6107.0,1546.0,8492.6,3589.0,2.0,stabil,0,,0,,,,,,,6,0,4,1,4,0,9,2,,0.0,0.222,0.0
08100314,Donaustraße,Neukoelln,0.2559,52.484188,13.431819,7930.0,2430.0,30988.7,3968.0,3.0,stabil,12,4.45,7789,4.9,25.0,94.2,91.7,100.0,3.25,14,1,5,17,21,10,137,45,660.8,2.774,0.328,0.0
05200526,Rudolf-Wissell-Großsiedlung,Spandau,0.3792,52.522086,13.159157,5806.0,1223.0,15311.2,2806.0,4.0,positiv,2,4.2,83,4.3,0.0,115.5,100.0,100.0,1.0,6,0,2,0,2,1,9,3,2903.0,0.517,0.333,0.0
04500938,Hochmeisterplatz,Charlottenburg-Wilmersdorf,0.5178,52.496297,13.296645,8281.0,1936.0,15992.7,4798.0,2.0,stabil,2,3.8,295,4.2,0.0,71.5,50.0,100.0,1.0,10,0,18,9,10,1,48,20,4140.5,0.362,0.417,0.0
07400826,Marienhöhe,Tempelhof-Schoeneberg,1.1696,52.452188,13.365015,5110.0,1080.0,4369.0,3787.0,2.0,stabil,0,,0,,,,,,,13,0,7,1,3,0,7,0,,0.0,0.0,0.0
09501939,Bahnhofstraße,Treptow-Koepenick,1.1426,52.452073,13.571134,6829.0,1607.0,5976.7,4170.0,2.0,stabil,4,4.62,2250,4.9,25.0,95.4,100.0,100.0,1.0,22,0,8,6,9,3,40,10,1707.2,1.025,0.25,0.0
06100208,Bergstraße,Steglitz-Zehlendorf,0.6206,52.455638,13.330507,7065.0,1638.0,11384.1,4308.0,2.0,stabil,2,4.8,176,5.0,50.0,91.2,100.0,100.0,1.0,9,0,12,6,14,1,40,13,3532.5,0.425,0.325,0.0
03200206,Pastor-Niemöller-Platz,Pankow,1.1045,52.579199,13.397743,6842.0,1343.0,6194.7,4694.0,2.0,negativ,2,3.55,207,4.0,50.0,108.5,100.0,100.0,1.0,25,4,16,8,7,2,30,9,3421.0,0.585,0.3,0.0
03601452,Velodrom,Pankow,0.5522,52.531011,13.449321,4746.0,1368.0,8594.7,4472.0,2.0,positiv,4,4.62,1224,4.8,75.0,82.6,75.0,100.0,1.0,10,1,7,5,9,0,20,7,1186.5,0.843,0.35,1.0
11200513,Große-Leege-Straße,Lichtenberg,0.6882,52.540058,13.489907,10466.0,2608.0,15207.8,3851.0,2.0,stabil,4,4.4,789,4.6,0.0,73.5,75.0,100.0,1.0,14,0,3,7,7,1,31,8,2616.5,0.478,0.258,0.0
05100104,Maselake,Spandau,0.5593,52.557607,13.213976,6960.0,1905.0,12444.1,3732.0,2.0,stabil,3,4.7,480,4.9,0.0,80.3,66.7,66.7,1.0,12,0,7,2,9,1,11,5,2320.0,0.575,0.455,0.0
12601235,Dannenwalder Weg,Reinickendorf,0.5234,52.59423,13.356734,10610.0,2430.0,20271.3,3061.0,4.0,stabil,2,4.7,586,4.9,50.0,63.2,50.0,50.0,1.0,22,0,6,0,3,0,7,2,5305.0,0.189,0.286,0.0
03400725,Schlosspark,Pankow,1.2592,52.582394,13.420453,7645.0,1175.0,6071.3,3755.0,2.0,stabil,0,,0,,,,,,,20,0,6,1,2,0,11,2,,0.0,0.182,0.0
04300416,Amtsgerichtsplatz,Charlottenburg-Wilmersdorf,0.5807,52.506714,13.296532,11646.0,2957.0,20055.1,4786.0,2.0,stabil,6,4.65,2824,4.9,50.0,106.9,100.0,83.3,2.5,11,1,26,23,20,4,137,58,1941.0,0.859,0.423,0.0
04501148,Brabanter Platz,Charlottenburg-Wilmersdorf,0.4201,52.480621,13.314979,4564.0,1172.0,10864.1,4180.0,2.0,negativ,2,4.65,234,4.9,50.0,77.5,50.0,50.0,1.0,12,0,7,1,2,1,19,7,2282.0,0.657,0.368,0.0
08401244,Waßmannsdorfer Chaussee,Neukoelln,2.7768,52.409756,13.493868,7315.0,1052.0,2634.3,4180.0,1.0,stabil,3,4.2,1839,4.6,0.0,90.7,100.0,66.7,1.0,26,0,2,0,4,2,16,4,2438.3,0.684,0.25,0.0
09301024,Falkenberg,Treptow-Koepenick,1.1486,52.406386,13.562665,3776.0,896.0,3287.5,4071.0,2.0,negativ,2,3.95,475,4.1,0.0,87.5,50.0,50.0,1.0,10,0,4,0,3,0,14,6,1888.0,0.53,0.429,0.0
06400843,Thielallee,Steglitz-Zehlendorf,2.1112,52.449603,13.284228,4690.0,778.0,2221.5,5976.0,1.0,stabil,1,4.6,68,4.6,0.0,36.0,0.0,0.0,1.0,18,58,9,3,8,1,22,8,4690.0,0.426,0.364,0.0
12200412,Waldidyll/Flughafensee,Reinickendorf,5.9479,52.56941,13.271307,6518.0,1278.0,1095.8,,2.0,stabil,3,4.17,306,4.4,0.0,45.3,33.3,66.7,1.0,34,0,7,1,17,2,33,9,2172.7,0.767,0.273,0.0
12200515,Alt-Tegel,Reinickendorf,2.3925,52.587854,13.276665,11322.0,2229.0,4732.3,4145.0,2.0,stabil,9,4.52,1684,4.9,33.3,84.8,75.0,62.5,1.0,25,2,22,20,37,8,143,55,1258.0,1.502,0.385,0.0
07501135,Birnhornweg,Tempelhof-Schoeneberg,0.5556,52.421069,13.391784,2257.0,364.0,4062.3,,1.0,stabil,1,4.7,85,4.7,100.0,75.0,0.0,100.0,1.0,5,0,3,3,0,0,8,2,2257.0,0.443,0.25,0.0
01100103,Lützowstraße,Mitte,0.5223,52.503611,13.35996,5790.0,1615.0,11085.6,4895.0,2.0,stabil,2,4.0,916,4.1,50.0,49.5,50.0,100.0,1.0,4,0,14,18,31,1,55,18,2895.0,0.518,0.327,0.0
08200725,Mohriner Allee Nord,Neukoelln,1.6299,52.445406,13.422965,2524.0,419.0,1548.6,,2.0,stabil,0,,0,,,,,,,9,0,5,6,2,1,15,4,,0.396,0.267,0.0
03701658,Christburger Straße,Pankow,0.2328,52.535463,13.427249,8285.0,2241.0,35588.5,5058.0,2.0,stabil,1,4.7,363,4.7,0.0,73.0,100.0,100.0,10.0,0,0,27,8,12,1,44,8,8285.0,0.241,0.182,0.0
05100312,Eckschanze,Spandau,0.3327,52.550792,13.197561,4007.0,1064.0,12043.9,3177.0,3.0,stabil,1,3.8,75,3.8,100.0,87.5,100.0,100.0,1.0,4,0,2,2,2,2,10,3,4007.0,0.749,0.3,0.0
03601449,Michelangelostraße,Pankow,0.8583,52.542661,13.448579,9928.0,1889.0,11567.1,3402.0,3.0,stabil,1,4.5,113,4.5,0.0,0.0,0.0,100.0,1.0,23,0,11,5,3,1,15,4,9928.0,0.201,0.267,0.0
04501151,Hildegardstraße,Charlottenburg-Wilmersdorf,0.3237,52.480381,13.326271,7420.0,1724.0,22922.5,4589.0,2.0,stabil,2,4.3,582,4.4,50.0,89.8,100.0,100.0,1.0,0,0,14,8,8,2,26,7,3710.0,0.539,0.269,0.0
11400928,Nöldnerplatz,Lichtenberg,0.5842,52.500016,13.488041,2933.0,903.0,5020.5,4773.0,2.0,stabil,1,4.2,72,4.2,0.0,84.0,100.0,100.0,1.0,6,0,3,0,5,0,7,1,2933.0,0.341,0.143,0.0
12200411,Schumacher-Quartier,Reinickendorf,0.6704,52.562571,13.317566,294.0,65.0,438.5,,2.0,positiv,0,,0,,,,,,,5,0,2,0,1,2,4,0,,6.803,0.0,1.0
05300840,Nonnendammallee,Spandau,3.2748,52.536452,13.257517,503.0,116.0,153.6,,2.0,stabil,0,,0,,,,,,,20,4,3,0,27,2,11,3,,3.976,0.273,0.0
01300835,Humboldthain Süd,Mitte,1.1039,52.540261,13.388971,10821.0,3185.0,9802.5,3634.0,2.0,stabil,3,4.53,472,5.0,66.7,49.0,50.0,100.0,1.0,18,5,16,2,18,0,38,13,3607.0,0.277,0.342,0.0
01401044,Uferstraße,Mitte,0.4916,52.550209,13.372988,10226.0,3358.0,20801.5,3527.0,4.0,stabil,5,4.48,2116,4.8,0.0,87.5,80.0,100.0,1.0,4,1,15,5,8,1,64,22,2045.2,0.587,0.344,0.0
04300621,Richard-Wagner-Straße,Charlottenburg-Wilmersdorf,0.5507,52.514971,13.306707,10941.0,2774.0,19867.4,4464.0,2.0,stabil,4,4.75,3522,4.9,75.0,106.1,100.0,100.0,1.0,9,5,18,13,15,4,92,25,2735.2,0.731,0.272,0.0
04300620,Spreestadt,Charlottenburg-Wilmersdorf,0.7155,52.518211,13.327943,4118.0,1433.0,5755.4,5133.0,2.0,stabil,0,,0,,,,,,,5,12,12,2,37,0,53,11,,0.0,0.208,0.0
01200520,Bremer Straße,Mitte,0.43,52.529659,13.340127,9513.0,3136.0,22123.3,4211.0,2.0,positiv,10,4.49,4391,4.8,30.0,90.1,77.8,77.8,3.0,10,1,9,24,16,2,87,28,951.3,1.261,0.322,1.0
12500929,Lübars,Reinickendorf,5.0114,52.619162,13.350292,5104.0,642.0,1018.5,4289.0,1.0,stabil,0,,0,,,,,,,18,0,8,1,5,0,14,4,,0.0,0.286,0.0
08200831,Buckow West,Neukoelln,1.4578,52.417485,13.413048,8275.0,1441.0,5676.4,3836.0,2.0,stabil,2,4.4,587,4.4,0.0,89.2,100.0,100.0,1.0,13,0,7,3,9,2,23,11,4137.5,0.483,0.478,0.0
09200818,Spindlersfeld,Treptow-Koepenick,0.5716,52.44955,13.565365,4330.0,1379.0,7575.2,4227.0,2.0,stabil,0,,0,,,,,,,1,0,3,0,0,1,9,4,,0.231,0.444,0.0
06300528,Teltower Damm,Steglitz-Zehlendorf,3.1195,52.420824,13.266065,10947.0,1600.0,3509.2,4802.0,1.0,stabil,0,,0,,,,,,,28,1,18,2,8,0,23,6,,0.0,0.261,0.0
10100102,Rosenbecker Straße,Marzahn-Hellersdorf,0.3279,52.571494,13.571902,3680.0,775.0,11222.9,3040.0,4.0,positiv,1,4.2,191,4.2,100.0,98.0,100.0,100.0,1.0,13,0,3,5,4,0,8,4,3680.0,0.272,0.5,0.0
06300631,Goerzwerke,Steglitz-Zehlendorf,1.7836,52.417079,13.288781,2881.0,743.0,1615.3,4387.0,1.0,stabil,1,4.6,91,4.6,100.0,63.0,0.0,0.0,1.0,15,0,2,1,10,0,23,5,2881.0,0.347,0.217,0.0
04300622,Ernst-Reuter-Platz,Charlottenburg-Wilmersdorf,0.9599,52.511773,13.324899,5269.0,1438.0,5489.1,4730.0,2.0,stabil,1,4.8,3308,4.8,0.0,80.0,100.0,100.0,1.0,20,66,10,12,59,1,74,16,5269.0,0.38,0.216,0.0
01401046,Nordufer,Mitte,0.3251,52.540463,13.352387,8869.0,3273.0,27280.8,4050.0,2.0,positiv,3,4.63,754,4.7,100.0,61.7,66.7,100.0,1.0,7,1,5,9,9,1,61,25,2956.3,0.451,0.41,1.0
11100102,Dorf Falkenberg,Lichtenberg,3.0568,52.573676,13.549087,3095.0,678.0,1012.5,3966.0,2.0,stabil,0,,0,,,,,,,12,0,3,0,3,0,8,2,,0.0,0.25,0.0
03300516,Heinersdorf,Pankow,3.9068,52.57038,13.44009,9560.0,2062.0,2447.0,4286.0,1.0,stabil,0,,0,,,,,,,31,0,7,2,12,5,32,7,,0.523,0.219,0.0
05200527,Maulbeerallee,Spandau,1.3118,52.523724,13.173008,12030.0,2659.0,9170.6,2886.0,4.0,positiv,5,4.18,631,4.6,20.0,99.8,100.0,100.0,2.8,14,0,12,2,12,2,25,9,2406.0,0.582,0.36,0.0
06100209,Feuerbachstraße,Steglitz-Zehlendorf,0.6338,52.462578,13.333918,9322.0,2145.0,14708.1,4118.0,2.0,stabil,4,4.42,1355,4.8,50.0,62.0,75.0,100.0,3.25,9,0,11,6,6,3,29,11,2330.5,0.751,0.379,0.0
11100205,Wartenberg Süd,Lichtenberg,0.456,52.570325,13.516719,6304.0,1253.0,13824.6,3168.0,3.0,stabil,0,,0,,,,,,,10,0,6,1,3,0,13,3,,0.0,0.231,0.0
12601133,Treuenbrietzener Straße,Reinickendorf,0.9183,52.601605,13.363435,11448.0,2445.0,12466.5,2973.0,4.0,positiv,1,4.8,163,4.8,0.0,105.0,100.0,100.0,1.0,16,0,6,1,1,1,13,5,11448.0,0.175,0.385,0.0
10200423,Böhlener Straße,Marzahn-Hellersdorf,0.9208,52.540309,13.622871,6138.0,1595.0,6665.9,2916.0,4.0,stabil,1,4.1,236,4.1,0.0,116.0,100.0,100.0,1.0,5,0,9,3,8,2,10,9,6138.0,0.489,0.9,0.0
04501044,Ludwigkirchplatz,Charlottenburg-Wilmersdorf,0.3149,52.495483,13.320026,5328.0,1189.0,16919.7,4716.0,2.0,negativ,2,4.65,950,4.9,100.0,92.8,100.0,100.0,5.5,0,0,10,8,6,0,86,32,2664.0,0.375,0.372,0.0
06400840,Fischtal,Steglitz-Zehlendorf,1.3854,52.449817,13.25487,7080.0,1149.0,5110.4,4932.0,1.0,stabil,0,,0,,,,,,,10,0,6,2,1,0,10,5,,0.0,0.5,0.0
04200311,Königin-Elisabeth-Straße,Charlottenburg-Wilmersdorf,1.5558,52.508483,13.277453,7424.0,2081.0,4771.8,4036.0,2.0,stabil,6,4.35,2342,4.8,33.3,78.0,83.3,100.0,1.0,29,1,13,7,27,1,46,18,1237.3,0.943,0.391,0.0
12100102,Hausotterplatz,Reinickendorf,0.8099,52.569633,13.375174,9980.0,2752.0,12322.5,3366.0,3.0,stabil,2,4.2,676,4.4,100.0,108.2,100.0,100.0,5.5,7,1,7,8,4,1,37,23,4990.0,0.301,0.622,0.0
10400836,Alt-Kaulsdorf,Marzahn-Hellersdorf,1.3492,52.509806,13.588221,3981.0,548.0,2950.6,4177.0,2.0,negativ,2,4.6,303,4.6,50.0,103.5,100.0,100.0,5.5,14,0,6,1,9,0,11,1,1990.5,0.502,0.091,0.0
05200419,Am Heideberg,Spandau,0.4223,52.541347,13.146125,1632.0,285.0,3864.6,,2.0,stabil,0,,0,,,,,,,11,0,4,1,2,0,3,2,,0.0,0.667,0.0
06100101,Fichtenberg,Steglitz-Zehlendorf,0.99,52.460539,13.311836,6912.0,1346.0,6981.8,4792.0,1.0,stabil,2,4.7,156,5.0,100.0,86.0,100.0,100.0,1.0,14,7,13,2,10,0,25,8,3456.0,0.289,0.32,0.0
05200630,Wilhelmstadt West,Spandau,0.9091,52.521263,13.192307,10042.0,2512.0,11046.1,3456.0,2.0,stabil,10,4.39,2261,5.0,20.0,79.3,80.0,90.0,1.9,15,0,13,17,4,4,58,20,1004.2,1.394,0.345,0.0
07400825,Friedrich-Karl-Straße,Tempelhof-Schoeneberg,0.4185,52.45623,13.380246,7213.0,1989.0,17235.4,3954.0,2.0,stabil,5,4.42,1738,4.7,40.0,106.4,100.0,100.0,1.0,7,0,16,11,10,1,39,18,1442.6,0.832,0.462,0.0
10200525,Schleipfuhl,Marzahn-Hellersdorf,0.4759,52.529536,13.61467,5380.0,1004.0,11304.9,2977.0,4.0,stabil,1,4.4,443,4.4,0.0,112.0,100.0,100.0,1.0,6,0,7,1,6,0,11,6,5380.0,0.186,0.545,0.0
11300725,Nibelungenviertel,Lichtenberg,0.6834,52.516037,13.501402,10202.0,2522.0,14928.3,3864.0,2.0,stabil,4,4.3,633,4.8,0.0,22.8,25.0,100.0,1.0,24,0,8,8,6,2,43,17,2550.5,0.588,0.395,0.0
11100307,Zingster Straße Ost,Lichtenberg,0.7303,52.569166,13.502758,11702.0,2028.0,16023.6,3037.0,3.0,stabil,3,4.37,334,4.5,100.0,52.7,33.3,66.7,5.5,8,0,9,5,8,4,22,10,3900.7,0.598,0.455,0.0
12200308,Mellerbogen,Reinickendorf,0.5276,52.57385,13.31913,5868.0,1339.0,11122.1,3455.0,2.0,stabil,0,,0,,,,,,,5,0,7,1,10,1,17,5,,0.17,0.294,0.0
06200421,Königsberger Straße,Steglitz-Zehlendorf,2.0358,52.433377,13.320049,8417.0,1523.0,4134.5,3873.0,2.0,stabil,4,4.62,285,4.8,25.0,75.5,25.0,25.0,1.0,28,4,10,1,11,6,35,14,2104.2,1.188,0.4,0.0
01400938,Kameruner Straße,Mitte,1.1961,52.547506,13.34269,9681.0,3262.0,8093.8,3884.0,2.0,stabil,5,4.18,2242,4.4,60.0,114.4,100.0,80.0,2.8,10,6,9,13,11,1,61,33,1936.2,0.62,0.541,0.0
03500934,Weißenseer Spitze,Pankow,0.6273,52.553914,13.437292,10363.0,2475.0,16520.0,4274.0,2.0,stabil,5,4.68,2380,4.9,20.0,95.3,60.0,80.0,5.5,24,1,12,4,13,2,40,12,2072.6,0.675,0.3,0.0
06400735,Wannsee,Steglitz-Zehlendorf,23.7349,52.409805,13.144501,10188.0,1260.0,429.2,5287.0,1.0,stabil,1,3.3,249,3.3,0.0,86.0,100.0,100.0,1.0,75,1,8,4,16,0,59,20,10188.0,0.098,0.339,0.0
09200717,Dörpfeldstraße Ost,Treptow-Koepenick,2.5459,52.440515,13.551467,9785.0,2483.0,3843.4,3826.0,2.0,stabil,0,,0,,,,,,,16,0,4,1,12,0,13,5,,0.0,0.385,0.0
06400844,Dahlem,Steglitz-Zehlendorf,3.3087,52.460427,13.290562,7263.0,1253.0,2195.1,5682.0,1.0,negativ,2,4.15,553,4.6,50.0,81.0,100.0,100.0,1.0,44,12,13,2,29,2,30,8,3631.5,0.551,0.267,0.0
06300634,Lichterfelde West,Steglitz-Zehlendorf,1.5841,52.435741,13.293461,8285.0,1283.0,5230.1,5360.0,1.0,stabil,0,,0,,,,,,,27,1,14,0,8,0,26,9,,0.0,0.346,0.0
02500726,Hausburgviertel,Friedrichshain-Kreuzberg,0.3094,52.523488,13.451702,9175.0,2922.0,29654.2,4423.0,2.0,stabil,3,3.63,443,4.2,66.7,94.7,100.0,100.0,1.0,6,0,10,8,4,2,38,12,3058.3,0.545,0.316,0.0
12601032,Rollbergesiedlung,Reinickendorf,0.5013,52.60788,13.331316,6250.0,1399.0,12467.6,3148.0,4.0,stabil,2,4.25,240,4.6,50.0,90.0,100.0,100.0,1.0,10,0,2,3,7,2,21,8,3125.0,0.64,0.381,0.0
05100315,Ackerstraße,Spandau,0.4891,52.543983,13.200815,7334.0,2027.0,14994.9,3461.0,3.0,stabil,2,4.15,433,4.3,50.0,96.5,100.0,100.0,5.5,10,0,7,8,2,2,23,14,3667.0,0.545,0.609,0.0
12400722,Hermsdorf West,Reinickendorf,3.1582,52.610154,13.300642,8517.0,1209.0,2696.8,4917.0,1.0,stabil,2,4.3,1129,4.4,100.0,92.8,100.0,100.0,1.0,22,0,11,5,14,2,38,16,4258.5,0.47,0.421,0.0
08300934,Gropiusstadt Nord-West,Neukoelln,0.8476,52.431406,13.460895,12623.0,2671.0,14892.6,3321.0,3.0,positiv,5,4.06,2936,4.7,60.0,60.1,50.0,75.0,4.6,12,0,6,0,13,7,32,11,2524.6,0.951,0.344,0.0
05100208,Im Spektefeld,Spandau,1.7654,52.548456,13.156914,11137.0,2254.0,6308.5,3168.0,3.0,stabil,3,4.63,706,4.9,33.3,67.7,33.3,100.0,1.0,27,0,11,3,4,2,18,8,3712.3,0.449,0.444,0.0
05100207,An der Tränke,Spandau,0.5926,52.550185,13.13695,2331.0,471.0,3933.5,4254.0,1.0,stabil,0,,0,,,,,,,4,0,1,0,0,0,0,0,,0.0,,0.0
02500835,Stralauer Kiez,Friedrichshain-Kreuzberg,1.3552,52.501245,13.459116,8820.0,3081.0,6508.3,4685.0,2.0,stabil,3,4.23,1084,4.5,0.0,80.3,66.7,100.0,1.0,19,0,10,21,32,4,73,23,2940.0,0.794,0.315,0.0
05200528,Weinmeisterhornweg,Spandau,2.7383,52.510687,13.170174,7291.0,1235.0,2662.6,3716.0,2.0,stabil,0,,0,,,,,,,20,0,6,3,4,0,23,6,,0.0,0.261,0.0
04400832,Breite Straße,Charlottenburg-Wilmersdorf,0.6672,52.472519,13.298232,6998.0,1304.0,10488.6,4655.0,1.0,stabil,1,4.5,290,4.5,0.0,93.0,100.0,100.0,1.0,10,2,9,4,7,1,24,7,6998.0,0.286,0.292,0.0
12400619,Heiligensee,Reinickendorf,17.9209,52.58277,13.254733,7726.0,1046.0,431.1,4739.0,1.0,negativ,0,,0,,,,,,,26,1,8,0,5,0,17,8,,0.0,0.471,0.0
01401047,Sparrplatz,Mitte,0.3092,52.543361,13.359454,8206.0,3513.0,26539.5,3830.0,2.0,stabil,7,4.33,4055,4.9,28.6,88.8,85.7,100.0,1.0,9,2,12,8,7,4,58,25,1172.3,1.34,0.431,0.0
11200512,Orankesee,Lichtenberg,1.9369,52.544871,13.481392,3999.0,627.0,2064.6,4534.0,2.0,stabil,1,4.3,496,4.3,0.0,0.0,0.0,100.0,1.0,13,0,6,4,7,3,19,4,3999.0,1.0,0.211,0.0
03601243,Rodenbergstraße,Pankow,0.3297,52.551144,13.418326,6990.0,1943.0,21201.1,4791.0,2.0,stabil,3,4.47,1206,4.9,33.3,119.5,100.0,100.0,1.0,7,0,11,6,7,6,53,18,2330.0,1.288,0.34,0.0
10400835,Kaulsdorf Nord,Marzahn-Hellersdorf,2.5525,52.519144,13.600408,7832.0,958.0,3068.4,3995.0,1.0,stabil,1,4.4,62,4.4,0.0,84.0,100.0,100.0,1.0,25,0,8,2,9,1,17,8,7832.0,0.255,0.471,0.0
05100313,Eiswerder,Spandau,1.6654,52.556839,13.219311,7231.0,1555.0,4341.9,3623.0,2.0,positiv,0,,0,,,,,,,7,0,3,4,8,0,16,5,,0.0,0.312,1.0
09301228,Schmöckwitz/Rauchfangswerder,Treptow-Koepenick,14.7629,52.379256,13.667451,2635.0,359.0,178.5,4512.0,1.0,stabil,1,4.2,81,4.2,0.0,84.0,100.0,100.0,1.0,31,0,2,5,4,0,13,2,2635.0,0.38,0.154,0.0
09300921,Preußen Siedlung,Treptow-Koepenick,1.4621,52.411257,13.557133,2878.0,417.0,1968.4,4335.0,1.0,negativ,0,,0,,,,,,,7,0,1,0,1,0,1,0,,0.0,0.0,0.0
10100316,Landsberger Tor,Marzahn-Hellersdorf,1.6087,52.53859,13.579706,3696.0,491.0,2297.5,3747.0,2.0,stabil,0,,0,,,,,,,19,0,2,0,5,2,12,7,,0.541,0.583,0.0
11401032,Rosenfelder Ring,Lichtenberg,0.5676,52.511336,13.510424,6292.0,1921.0,11085.3,3521.0,2.0,positiv,0,,0,,,,,,,10,0,3,3,2,0,17,8,,0.0,0.471,1.0
05100317,Freiheit,Spandau,2.2787,52.528542,13.226871,4458.0,1188.0,1956.4,3333.0,3.0,negativ,2,4.45,205,4.5,0.0,81.8,50.0,50.0,1.0,23,0,5,3,14,5,23,5,2229.0,1.57,0.217,0.0
06200315,Gallwitzallee,Steglitz-Zehlendorf,1.1755,52.425374,13.344532,6890.0,1409.0,5861.3,3822.0,2.0,stabil,1,4.9,103,4.9,100.0,85.5,100.0,100.0,1.0,6,0,8,1,3,1,7,2,6890.0,0.29,0.286,0.0
04400833,Schlangenbader Straße,Charlottenburg-Wilmersdorf,0.3532,52.472259,13.305596,3901.0,579.0,11044.7,3958.0,2.0,stabil,0,,0,,,,,,,7,0,3,1,4,1,6,1,,0.256,0.167,0.0
09501838,Rahnsdorf,Treptow-Koepenick,21.4506,52.435235,13.70928,11138.0,1567.0,519.2,4581.0,1.0,stabil,1,4.4,63,4.4,0.0,84.0,100.0,100.0,1.0,58,0,13,1,20,0,25,6,11138.0,0.09,0.24,0.0
03601244,Humannplatz,Pankow,0.3642,52.548424,13.425894,7614.0,2032.0,20906.1,4600.0,2.0,stabil,3,4.17,1194,4.8,66.7,95.7,100.0,100.0,1.0,6,1,11,6,3,0,36,14,2538.0,0.394,0.389,0.0
12400720,Frohnau West,Reinickendorf,2.7498,52.630052,13.279652,8480.0,1038.0,3083.9,5328.0,1.0,stabil,2,4.55,410,4.7,50.0,95.2,100.0,100.0,1.0,24,0,11,2,3,1,11,4,4240.0,0.354,0.364,0.0
11501340,Karlshorst Nord,Lichtenberg,3.2979,52.485986,13.536291,11246.0,1694.0,3410.0,4630.0,1.0,stabil,0,,0,,,,,,,22,3,11,2,10,0,20,3,,0.0,0.15,0.0
07200414,Hohenfriedbergstraße,Tempelhof-Schoeneberg,0.2634,52.486548,13.368256,3778.0,976.0,14343.2,4694.0,2.0,stabil,0,,0,,,,,,,5,1,12,4,5,0,19,7,,0.0,0.368,0.0
07200410,Feurigstraße,Tempelhof-Schoeneberg,0.2504,52.484199,13.354686,5538.0,1478.0,22116.6,3969.0,3.0,stabil,7,4.24,2813,4.8,14.3,100.3,85.7,85.7,1.0,7,0,7,5,22,2,57,24,791.1,1.625,0.421,0.0
09301126,Grünau,Treptow-Koepenick,9.1728,52.409211,13.594873,8376.0,1443.0,913.1,4377.0,2.0,stabil,2,4.75,549,5.0,0.0,42.0,50.0,100.0,1.0,21,0,10,3,16,2,27,13,4188.0,0.478,0.481,0.0
04501152,Prager Platz,Charlottenburg-Wilmersdorf,0.3499,52.491495,13.333933,6861.0,1574.0,19608.5,4572.0,2.0,stabil,3,4.4,1028,4.9,0.0,92.2,100.0,66.7,1.0,5,1,13,7,7,0,55,14,2287.0,0.437,0.255,0.0
09401329,Kietzer Feld/Nachtheide,Treptow-Koepenick,17.0249,52.425176,13.616601,11009.0,1582.0,646.6,3799.0,2.0,stabil,0,,0,,,,,,,30,0,12,5,9,0,18,6,,0.0,0.333,0.0
01100312,Heine-Viertel West,Mitte,0.6436,52.511259,13.410157,10727.0,2985.0,16667.2,5097.0,2.0,stabil,0,,0,,,,,,,14,3,10,8,42,0,57,19,,0.0,0.333,0.0
01200522,Elberfelder Straße,Mitte,0.6395,52.521595,13.335779,11521.0,3089.0,18015.6,4701.0,2.0,stabil,2,4.85,1681,4.9,50.0,46.5,50.0,100.0,1.0,16,1,16,7,10,2,54,19,5760.5,0.347,0.352,0.0
03200207,Herthaplatz,Pankow,3.0808,52.589466,13.411613,11799.0,2049.0,3829.8,4328.0,2.0,stabil,0,,0,,,,,,,22,0,11,1,14,0,20,8,,0.0,0.4,0.0
05200629,Borkumer Straße,Spandau,1.3256,52.530224,13.193436,8357.0,1952.0,6304.3,3698.0,2.0,stabil,7,4.29,3267,4.8,28.6,96.6,71.4,85.7,3.57,21,0,12,5,19,6,56,24,1193.9,1.556,0.429,0.0
07601237,Kirchstraße,Tempelhof-Schoeneberg,1.2357,52.415693,13.372882,4785.0,828.0,3872.3,4291.0,1.0,stabil,1,4.7,473,4.7,0.0,73.5,0.0,100.0,1.0,5,0,9,4,8,3,23,6,4785.0,0.836,0.261,0.0
03601139,Norweger Viertel,Pankow,0.4542,52.5562,13.407615,4040.0,1214.0,8894.8,4536.0,2.0,stabil,1,4.6,319,4.6,0.0,88.5,100.0,100.0,1.0,3,1,11,1,8,0,15,7,4040.0,0.248,0.467,0.0
11100309,Mühlengrund,Lichtenberg,0.706,52.561241,13.514856,6569.0,1347.0,9304.5,3227.0,2.0,stabil,1,4.5,70,4.5,0.0,119.0,100.0,100.0,1.0,13,0,4,0,4,3,15,3,6569.0,0.609,0.2,0.0
08100416,Alt-Rixdorf,Neukoelln,0.3343,52.475129,13.442732,6577.0,1851.0,19673.9,4024.0,2.0,positiv,5,4.54,4569,4.9,40.0,111.0,100.0,80.0,1.0,0,0,13,14,11,1,80,28,1315.4,0.912,0.35,1.0
11200410,Malchower Weg,Lichtenberg,2.233,52.556903,13.501056,10413.0,1988.0,4663.2,3745.0,2.0,stabil,2,3.75,79,4.7,50.0,82.0,50.0,50.0,1.0,25,0,11,3,6,0,16,3,5206.5,0.192,0.188,0.0
03300517,Märchenland,Pankow,5.8245,52.578596,13.476323,1088.0,90.0,186.8,4332.0,2.0,negativ,0,,0,,,,,,,7,0,1,1,1,0,3,2,,0.0,0.667,0.0
03100101,Bucher Forst,Pankow,18.3771,52.640585,13.464854,4720.0,795.0,256.8,4134.0,2.0,stabil,1,4.2,459,4.2,0.0,133.0,100.0,100.0,1.0,26,0,10,0,8,0,8,0,4720.0,0.212,0.0,0.0
07200308,Volkspark (Rudolph-Wilde-Park),Tempelhof-Schoeneberg,0.6267,52.481316,13.34518,10698.0,3010.0,17070.4,4313.0,2.0,stabil,4,4.25,1043,4.8,100.0,101.6,100.0,100.0,1.0,14,6,20,13,25,4,54,24,2674.5,0.748,0.444,0.0
08200833,Buckow Ost,Neukoelln,1.107,52.420625,13.445607,9255.0,2160.0,8360.4,3356.0,2.0,positiv,0,,0,,,,,,,19,0,6,1,4,0,9,4,,0.0,0.444,1.0
07400823,Wittekindstraße,Tempelhof-Schoeneberg,0.8053,52.461343,13.37431,9690.0,2265.0,12032.8,3689.0,2.0,stabil,2,4.0,195,4.3,100.0,74.0,50.0,50.0,1.0,15,0,4,4,7,1,23,7,4845.0,0.31,0.304,0.0
07501134,Hundsteinweg,Tempelhof-Schoeneberg,2.2536,52.433485,13.399369,10548.0,1734.0,4680.5,4051.0,2.0,stabil,5,4.32,1646,4.7,40.0,93.1,100.0,100.0,2.8,19,0,7,8,7,1,32,9,2109.6,0.569,0.281,0.0
09401433,Allende II,Treptow-Koepenick,1.9915,52.43979,13.613839,4478.0,760.0,2248.6,3151.0,2.0,stabil,1,4.1,88,4.1,0.0,112.0,100.0,100.0,1.0,2,0,3,1,5,2,7,4,4478.0,0.67,0.571,0.0
10400837,Kaulsdorf Süd,Marzahn-Hellersdorf,4.8696,52.4901,13.579515,7870.0,765.0,1616.1,4470.0,1.0,stabil,2,4.7,753,4.8,50.0,80.8,50.0,100.0,1.0,30,0,6,3,9,1,18,3,3935.0,0.381,0.167,0.0
05100101,Hakenfelde Nord,Spandau,16.1688,52.571957,13.186219,4504.0,690.0,278.6,4214.0,1.0,negativ,0,,0,,,,,,,27,1,10,1,5,0,14,8,,0.0,0.571,0.0
08401139,Vogelviertel Süd,Neukoelln,0.8268,52.435364,13.460404,4092.0,766.0,4949.2,3616.0,2.0,stabil,4,4.45,1948,4.8,75.0,58.6,75.0,100.0,8.0,19,0,2,7,3,1,31,10,1023.0,1.222,0.323,0.0
03400829,Arnold-Zweig-Straße,Pankow,0.4006,52.561542,13.420887,5968.0,1427.0,14897.7,4079.0,2.0,stabil,0,,0,,,,,,,6,0,11,0,3,1,9,3,,0.168,0.333,0.0
04200310,Fürstenplatz,Charlottenburg-Wilmersdorf,0.9316,52.51083,13.267634,7533.0,1462.0,8086.1,4607.0,2.0,stabil,1,4.2,1302,4.2,100.0,117.0,100.0,100.0,1.0,11,0,13,4,20,1,49,12,7533.0,0.265,0.245,0.0
11400929,Weitlingkiez,Lichtenberg,0.8423,52.506125,13.497186,16901.0,4906.0,20065.3,3850.0,2.0,stabil,5,4.12,808,4.7,80.0,29.5,25.0,100.0,1.0,19,0,10,13,14,2,65,26,3380.2,0.414,0.4,0.0
10200629,Teterower Ring,Marzahn-Hellersdorf,0.9993,52.518142,13.580607,9187.0,1613.0,9193.4,3183.0,2.0,stabil,3,4.2,716,4.5,33.3,66.7,66.7,100.0,1.0,15,0,9,1,3,0,17,8,3062.3,0.327,0.471,0.0
12100204,Schäfersee,Reinickendorf,1.1157,52.564984,13.35297,9554.0,2695.0,8563.2,3440.0,3.0,stabil,1,4.5,42,4.5,0.0,84.0,0.0,100.0,1.0,18,1,7,5,8,0,36,15,9554.0,0.105,0.417,0.0
05100211,An der Kappe,Spandau,1.4028,52.544081,13.163506,6210.0,1123.0,4426.9,3672.0,2.0,stabil,1,4.6,65,4.6,100.0,87.5,100.0,100.0,1.0,19,1,7,6,0,1,22,7,6210.0,0.322,0.318,0.0
06200314,Kaiser-Wilhelm-Straße,Steglitz-Zehlendorf,0.7338,52.431049,13.338358,7210.0,1538.0,9825.6,3729.0,2.0,stabil,0,,0,,,,,,,6,0,10,3,6,1,22,4,,0.139,0.182,0.0
04200203,Olympiagelände,Charlottenburg-Wilmersdorf,3.2644,52.520626,13.237107,1456.0,288.0,446.0,,2.0,negativ,0,,0,,,,,,,7,1,4,1,2,1,18,1,,0.687,0.056,0.0
09401534,Altstadt Köpenick,Treptow-Koepenick,0.7968,52.443701,13.579244,7494.0,1623.0,9405.1,3486.0,2.0,stabil,3,4.07,385,5.0,33.3,81.7,66.7,100.0,1.0,22,0,18,13,13,1,52,13,2498.0,0.534,0.25,0.0
07200409,Belziger Straße,Tempelhof-Schoeneberg,0.5306,52.486468,13.351999,9300.0,2198.0,17527.3,4735.0,2.0,stabil,6,4.62,42400,4.9,83.3,101.0,83.3,100.0,1.0,4,4,20,21,22,6,137,51,1550.0,1.29,0.372,0.0
05400943,Jägerallee,Spandau,7.332,52.46344,13.136647,10533.0,1338.0,1436.6,5176.0,1.0,stabil,0,,0,,,,,,,36,1,8,1,4,2,16,8,,0.19,0.5,0.0
04200206,Kranzallee,Charlottenburg-Wilmersdorf,1.4855,52.506334,13.232068,2848.0,454.0,1917.2,,2.0,negativ,0,,0,,,,,,,14,1,2,0,0,0,9,1,,0.0,0.111,0.0
10100209,Lea-Grundig-Straße,Marzahn-Hellersdorf,0.6782,52.548743,13.565265,9642.0,2209.0,14217.0,3081.0,2.0,positiv,3,3.77,95,4.8,66.7,82.7,66.7,100.0,1.0,4,0,7,0,4,0,10,4,3214.0,0.311,0.4,1.0
04300518,Kaiserin-Augusta-Allee,Charlottenburg-Wilmersdorf,1.3766,52.527572,13.305497,6682.0,1947.0,4854.0,4040.0,2.0,stabil,3,4.47,554,4.7,0.0,100.0,100.0,100.0,1.0,14,1,9,9,31,3,51,18,2227.3,0.898,0.353,0.0
11200411,Hauptstraße,Lichtenberg,2.5213,52.546588,13.513155,6917.0,1299.0,2743.4,3436.0,2.0,stabil,2,3.95,390,4.2,100.0,108.5,100.0,100.0,1.0,30,1,5,7,21,0,36,14,3458.5,0.289,0.389,0.0
01300732,Soldiner Straße,Mitte,0.5881,52.559981,13.390771,10078.0,3110.0,17136.5,3570.0,4.0,positiv,4,4.47,1852,4.8,50.0,103.0,100.0,100.0,5.75,6,0,8,9,4,2,40,18,2519.5,0.595,0.45,0.0
07501030,Machonstraße,Tempelhof-Schoeneberg,0.5971,52.446189,13.383451,8753.0,2079.0,14659.2,3721.0,2.0,stabil,5,4.76,1475,4.9,20.0,82.2,80.0,100.0,2.8,10,0,10,9,7,3,40,14,1750.6,0.914,0.35,0.0
04400830,Forckenbeckstraße,Charlottenburg-Wilmersdorf,1.4946,52.479592,13.296139,8457.0,1623.0,5658.4,5123.0,2.0,stabil,0,,0,,,,,,,8,0,9,0,11,0,33,10,,0.0,0.303,0.0
01200521,Zwinglistraße,Mitte,0.1666,52.525664,13.332315,5259.0,1785.0,31566.6,3874.0,3.0,stabil,11,4.45,4406,4.8,54.5,80.5,72.7,90.9,3.45,3,2,7,4,4,5,67,37,478.1,3.042,0.552,0.0
10200422,Hellersdorfer Promenade,Marzahn-Hellersdorf,0.4518,52.541677,13.608275,7368.0,1780.0,16308.1,2865.0,4.0,positiv,3,3.3,133,4.5,0.0,92.2,100.0,100.0,5.5,8,0,2,2,4,1,7,4,2456.0,0.543,0.571,0.0
10400938,Mahlsdorf Nord,Marzahn-Hellersdorf,4.2218,52.522109,13.632675,10234.0,1020.0,2424.1,4553.0,1.0,stabil,3,4.73,210,4.9,66.7,86.8,66.7,100.0,1.0,31,0,6,3,7,0,28,11,3411.3,0.293,0.393,0.0
08100209,Glasower Straße,Neukoelln,0.5892,52.465664,13.440743,8834.0,2964.0,14993.2,3698.0,3.0,positiv,4,3.9,1974,4.7,0.0,89.4,100.0,50.0,3.25,15,0,13,11,16,3,96,49,2208.5,0.792,0.51,0.0
03300412,Karow Bahnhof,Pankow,3.0783,52.613125,13.473143,5226.0,610.0,1697.7,4521.0,1.0,negativ,4,4.4,1006,4.7,50.0,81.8,75.0,75.0,1.0,13,0,4,2,6,2,13,5,1306.5,1.148,0.385,0.0
03501038,Hansastraße,Pankow,1.9644,52.555976,13.480613,7506.0,1273.0,3821.0,3782.0,2.0,stabil,2,4.5,307,4.6,50.0,102.5,100.0,100.0,1.0,28,1,4,4,3,1,21,7,3753.0,0.4,0.333,0.0
01100207,Leipziger Straße,Mitte,0.7636,52.512374,13.4002,8844.0,2281.0,11582.0,5093.0,2.0,stabil,3,4.53,800,4.8,33.3,51.0,0.0,0.0,1.0,26,7,11,12,121,7,113,33,2948.0,1.131,0.292,0.0
08100415,Ganghoferstraße,Neukoelln,0.2554,52.478745,13.442631,6388.0,1820.0,25011.7,3955.0,2.0,stabil,3,4.3,965,4.7,66.7,120.2,100.0,100.0,4.0,8,2,10,9,12,2,74,39,2129.3,0.783,0.527,0.0
03200308,Nisbléstraße,Pankow,1.1343,52.601335,13.423789,5261.0,717.0,4638.1,4246.0,1.0,stabil,0,,0,,,,,,,26,0,7,1,4,0,3,1,,0.0,0.333,0.0
01401049,Schulstraße,Mitte,0.4041,52.553422,13.365668,6637.0,1794.0,16424.2,3536.0,4.0,positiv,2,4.05,317,4.4,100.0,97.2,100.0,100.0,1.0,10,2,9,7,10,2,46,10,3318.5,0.603,0.217,0.0
04400727,Flinsberger Platz,Charlottenburg-Wilmersdorf,0.915,52.485514,13.289523,8322.0,1711.0,9095.1,4973.0,2.0,stabil,0,,0,,,,,,,15,0,6,4,10,0,26,11,,0.0,0.423,0.0
10100315,Bärenstein,Marzahn-Hellersdorf,0.6467,52.539743,13.565554,8228.0,1789.0,12723.1,3125.0,2.0,stabil,2,4.35,1671,4.4,0.0,52.5,50.0,100.0,1.0,10,0,2,2,4,0,8,4,4114.0,0.243,0.5,0.0
01100104,Körnerstraße,Mitte,0.3384,52.501906,13.367737,4889.0,1633.0,14447.4,5062.0,2.0,positiv,0,,0,,,,,,,6,2,2,5,20,1,42,11,,0.205,0.262,1.0
04200308,Branitzer Platz,Charlottenburg-Wilmersdorf,2.7551,52.523489,13.267751,6113.0,1375.0,2218.8,4588.0,2.0,stabil,1,4.6,25,4.6,100.0,123.0,100.0,100.0,1.0,22,0,8,5,13,1,16,6,6113.0,0.327,0.375,0.0
12400723,Hermsdorf Ost/Waldsee,Reinickendorf,2.9001,52.619999,13.318638,8090.0,1098.0,2789.6,4739.0,1.0,stabil,1,4.3,87,4.3,0.0,65.0,100.0,0.0,1.0,31,0,12,4,4,2,33,21,8090.0,0.371,0.636,0.0
06100210,Bismarckstraße,Steglitz-Zehlendorf,0.2356,52.46188,13.340994,5004.0,1103.0,21239.4,4138.0,2.0,stabil,0,,0,,,,,,,11,1,7,1,4,0,7,1,,0.0,0.143,0.0
06400838,Krumme Lanke,Steglitz-Zehlendorf,6.4192,52.447505,13.236367,7341.0,960.0,1143.6,5642.0,1.0,negativ,1,4.7,335,4.7,0.0,70.0,100.0,100.0,10.0,19,1,6,2,9,1,19,5,7341.0,0.272,0.263,0.0
07601442,Kettinger Straße,Tempelhof-Schoeneberg,2.3482,52.404994,13.399025,10408.0,1676.0,4432.3,4080.0,2.0,stabil,2,4.3,371,4.3,100.0,107.8,100.0,100.0,1.0,15,0,12,4,9,1,29,10,5204.0,0.288,0.345,0.0
03601348,Senefelderstraße,Pankow,0.2199,52.542098,13.422392,7470.0,1987.0,33970.0,5266.0,2.0,stabil,3,4.63,942,5.0,33.3,80.2,66.7,100.0,1.0,2,0,18,14,10,2,73,27,2490.0,0.669,0.37,0.0
08100104,Wartheplatz,Neukoelln,0.5512,52.47001,13.423435,6699.0,2052.0,12153.5,3802.0,4.0,positiv,4,4.1,754,4.7,50.0,109.7,100.0,100.0,1.0,4,1,5,9,5,0,36,18,1674.8,0.597,0.5,0.0
03601450,Volkspark Prenzlauer Berg,Pankow,1.212,52.535483,13.461235,5449.0,1400.0,4495.9,3401.0,4.0,positiv,0,,0,,,,,,,10,0,5,4,26,1,22,3,,0.184,0.136,0.0
08401242,Zittauer Straße,Neukoelln,1.9225,52.414677,13.480603,6893.0,1080.0,3585.4,4005.0,2.0,stabil,1,3.3,199,3.3,100.0,77.0,100.0,100.0,10.0,19,0,6,2,4,1,7,1,6893.0,0.29,0.143,0.0
09100407,Johannisthal West,Treptow-Koepenick,3.2472,52.447473,13.49587,8670.0,1549.0,2670.0,3738.0,2.0,stabil,2,3.85,287,4.1,0.0,39.1,50.0,100.0,1.0,39,0,11,1,2,0,8,1,4335.0,0.231,0.125,0.0
10100101,Marzahn West,Marzahn-Hellersdorf,0.6957,52.567688,13.556437,5837.0,1153.0,8390.1,2989.0,4.0,stabil,1,3.8,30,3.8,0.0,71.0,0.0,0.0,1.0,5,0,4,0,6,1,5,3,5837.0,0.343,0.6,0.0
03300411,Karow Nord,Pankow,1.6675,52.617588,13.490315,11764.0,2080.0,7054.9,3611.0,2.0,stabil,2,4.15,421,4.2,0.0,79.5,50.0,100.0,1.0,18,0,16,1,7,1,15,3,5882.0,0.255,0.2,0.0
01401045,Schwedenstraße,Mitte,0.2678,52.554548,13.377599,5531.0,1815.0,20653.5,3383.0,4.0,positiv,6,4.33,2178,4.8,66.7,105.8,83.3,100.0,2.5,17,1,12,8,6,1,52,26,921.8,1.266,0.5,0.0
07400720,Gontermannstraße,Tempelhof-Schoeneberg,1.1845,52.477308,13.376544,11668.0,2465.0,9850.6,3820.0,2.0,stabil,3,4.0,674,4.5,33.3,105.7,100.0,100.0,1.0,22,1,10,5,10,4,42,18,3889.3,0.6,0.429,0.0
05200631,Wilhelmstadt Ost,Spandau,0.5421,52.520987,13.199907,8679.0,2243.0,16010.0,3386.0,3.0,stabil,2,4.45,138,4.6,0.0,50.0,0.0,0.0,1.0,10,0,8,9,9,1,32,16,4339.5,0.346,0.5,0.0
04100102,Paul-Hertz-Siedlung,Charlottenburg-Wilmersdorf,0.5379,52.535572,13.298031,7878.0,1574.0,14645.8,3229.0,4.0,stabil,0,,0,,,,,,,8,0,3,1,3,0,9,3,,0.0,0.333,0.0
12500926,Wittenau Süd,Reinickendorf,0.9475,52.591837,13.332836,5181.0,1053.0,5468.1,3619.0,2.0,stabil,3,4.2,563,4.8,66.7,98.0,100.0,100.0,1.0,18,0,5,5,13,1,37,9,1727.0,0.772,0.243,0.0
10200417,Zossener Straße,Marzahn-Hellersdorf,0.4506,52.546891,13.591379,8063.0,1899.0,17893.9,2890.0,4.0,positiv,1,3.9,70,3.9,0.0,0.0,0.0,100.0,1.0,9,0,7,5,1,0,12,11,8063.0,0.124,0.917,0.0
03400722,Parkstraße,Pankow,0.5097,52.574852,13.403847,3807.0,669.0,7469.1,5273.0,1.0,stabil,1,3.5,159,3.5,100.0,63.0,0.0,0.0,1.0,0,0,12,1,7,0,16,4,3807.0,0.263,0.25,0.0
11300721,Herzbergstraße,Lichtenberg,3.863,52.525751,13.504826,6848.0,2729.0,1772.7,3051.0,2.0,negativ,1,5.0,12,5.0,0.0,60.0,0.0,100.0,10.0,29,4,7,7,27,3,66,31,6848.0,0.584,0.47,0.0
11200514,Landsberger Allee,Lichtenberg,0.9401,52.536372,13.489805,16289.0,3415.0,17326.9,3411.0,2.0,stabil,4,4.05,1380,4.4,75.0,69.5,50.0,75.0,5.5,13,0,9,6,14,2,39,16,4072.2,0.368,0.41,0.0
01400942,Westliche Müllerstraße,Mitte,0.5315,52.546972,13.351757,8789.0,3114.0,16536.2,4018.0,2.0,stabil,6,4.27,3939,4.6,66.7,109.5,100.0,100.0,4.0,22,15,8,12,22,5,68,26,1464.8,1.252,0.382,0.0
05200525,Pillnitzer Weg,Spandau,1.4751,52.523585,13.145944,2464.0,352.0,1670.4,4017.0,1.0,stabil,0,,0,,,,,,,6,0,4,0,2,0,5,2,,0.0,0.4,0.0
08401140,Vogelviertel Nord,Neukoelln,0.4409,52.439205,13.466843,2670.0,509.0,6055.8,3671.0,2.0,stabil,0,,0,,,,,,,0,0,2,1,1,0,3,1,,0.0,0.333,0.0
09501941,Friedrichshagener Straße,Treptow-Koepenick,1.0458,52.449719,13.584298,2937.0,524.0,2808.4,4713.0,2.0,stabil,1,3.0,2,3.0,0.0,81.0,100.0,100.0,,13,0,8,1,5,0,8,5,2937.0,0.34,0.625,0.0
07601546,Franziusweg,Tempelhof-Schoeneberg,1.7743,52.389963,13.387902,6977.0,1164.0,3932.3,4393.0,1.0,stabil,1,3.5,335,3.5,100.0,87.5,100.0,100.0,1.0,16,0,1,1,6,0,14,4,6977.0,0.143,0.286,0.0
02300316,Köpenicker Straße,Friedrichshain-Kreuzberg,0.4714,52.503638,13.434749,4160.0,979.0,8824.8,4138.0,2.0,stabil,0,,0,,,,,,,15,0,9,12,20,3,48,12,,0.721,0.25,0.0
10300734,Biesdorf Süd,Marzahn-Hellersdorf,5.2052,52.494517,13.563912,10606.0,1061.0,2037.6,4630.0,1.0,stabil,0,,0,,,,,,,27,0,8,1,11,0,19,6,,0.0,0.316,0.0
07100206,Großgörschenstraße,Tempelhof-Schoeneberg,0.5348,52.491235,13.368406,8355.0,2069.0,15622.7,4376.0,2.0,stabil,1,3.6,89,3.6,100.0,104.0,100.0,100.0,1.0,8,2,12,11,15,2,54,15,8355.0,0.359,0.278,0.0
01200518,Beusselkiez,Mitte,0.2368,52.528721,13.327754,7096.0,2759.0,29966.2,3674.0,3.0,stabil,5,4.5,5197,4.7,40.0,93.0,100.0,100.0,8.2,3,0,5,3,7,4,41,18,1419.2,1.268,0.439,0.0
12200414,TXL,Reinickendorf,5.9876,52.559507,13.272326,5440.0,1560.0,908.5,,1.0,positiv,0,,0,,,,,,,10,0,1,1,5,1,11,3,,0.184,0.273,1.0
04400831,Messelpark,Charlottenburg-Wilmersdorf,0.5447,52.473747,13.283908,1543.0,239.0,2832.8,,1.0,negativ,0,,0,,,,,,,6,0,2,0,4,0,3,2,,0.0,0.667,0.0
06300526,Zehlendorf Mitte,Steglitz-Zehlendorf,0.9053,52.432323,13.255389,3350.0,669.0,3700.4,4626.0,2.0,stabil,4,4.4,1759,4.7,50.0,109.6,100.0,100.0,1.0,25,0,19,5,31,7,69,22,837.5,3.284,0.319,0.0
09200819,Köllnische Vorstadt,Treptow-Koepenick,1.5517,52.438903,13.56653,8588.0,2065.0,5534.6,3347.0,3.0,positiv,3,4.17,305,4.5,33.3,109.0,100.0,100.0,1.0,31,0,12,6,19,2,21,9,2862.7,0.582,0.429,0.0
04501150,Wilhelmsaue,Charlottenburg-Wilmersdorf,0.2947,52.484765,13.326677,3016.0,635.0,10234.1,4568.0,2.0,negativ,2,4.65,200,4.7,0.0,106.0,100.0,100.0,1.0,10,0,8,4,6,1,22,8,1508.0,0.995,0.364,0.0
06100206,Stadtpark,Steglitz-Zehlendorf,0.7109,52.447362,13.335729,7751.0,1636.0,10903.1,4014.0,2.0,stabil,4,4.53,1280,4.9,100.0,87.4,100.0,75.0,1.0,11,1,7,1,6,2,13,4,1937.8,0.774,0.308,0.0
08100311,Reuterplatz,Neukoelln,0.2596,52.488884,13.428129,7076.0,1916.0,27257.3,4287.0,2.0,stabil,8,4.51,30229,4.9,37.5,87.6,85.7,100.0,3.25,6,0,14,40,5,7,127,42,884.5,2.12,0.331,0.0
10100210,Marzahner Promenade,Marzahn-Hellersdorf,0.8829,52.545104,13.552638,10868.0,2019.0,12309.4,3026.0,2.0,negativ,7,4.27,799,5.0,28.6,36.6,20.0,80.0,1.0,30,0,7,7,6,6,39,9,1552.6,1.196,0.231,0.0
09501736,Hirschgarten,Treptow-Koepenick,2.8731,52.453112,13.61416,4677.0,714.0,1627.9,3878.0,2.0,stabil,0,,0,,,,,,,20,0,3,0,3,0,10,3,,0.0,0.3,0.0
10100312,Springpfuhl,Marzahn-Hellersdorf,1.2104,52.527029,13.545242,16216.0,3489.0,13397.2,3224.0,2.0,stabil,2,4.5,720,4.6,50.0,113.5,100.0,100.0,1.0,14,0,10,3,9,1,21,10,8108.0,0.185,0.476,0.0
12100205,Teichstraße,Reinickendorf,3.3749,52.574202,13.346966,13988.0,3595.0,4144.7,3430.0,2.0,stabil,4,4.47,787,4.7,50.0,82.4,75.0,75.0,1.0,39,0,14,5,19,2,50,20,3497.0,0.429,0.4,0.0
01100102,Großer Tiergarten,Mitte,3.9434,52.51255,13.356187,2034.0,591.0,515.8,6279.0,1.0,stabil,2,4.85,161,4.9,0.0,69.8,50.0,100.0,5.5,33,4,6,31,126,9,152,53,1017.0,5.408,0.349,0.0
02200210,Urbanstraße,Friedrichshain-Kreuzberg,0.9168,52.494533,13.397639,12350.0,3320.0,13470.8,4557.0,2.0,stabil,7,4.39,23913,4.7,42.9,100.9,100.0,100.0,3.71,31,1,28,13,20,5,88,33,1764.3,0.972,0.375,0.0
03701556,Kollwitzplatz,Pankow,0.5071,52.532322,13.416449,8598.0,2057.0,16955.2,5977.0,1.0,stabil,3,4.75,1381,4.8,33.3,75.7,100.0,66.7,1.0,4,2,12,33,51,2,127,32,2866.0,0.582,0.252,0.0
05300736,Zitadellenweg,Spandau,2.619,52.543975,13.229335,3575.0,642.0,1365.0,3537.0,2.0,stabil,1,4.2,325,4.2,100.0,72.5,100.0,100.0,1.0,17,0,8,6,8,2,21,5,3575.0,0.839,0.238,0.0
06200419,Thermometersiedlung,Steglitz-Zehlendorf,0.3212,52.413976,13.314389,4539.0,1066.0,14131.4,,2.0,stabil,0,,0,,,,,,,6,0,4,0,3,0,4,2,,0.0,0.5,0.0
02400625,Wriezener Bahnhof,Friedrichshain-Kreuzberg,0.8644,52.506793,13.439155,1328.0,554.0,1536.3,5871.0,2.0,positiv,3,4.2,1299,4.3,33.3,48.0,33.3,66.7,1.0,13,1,3,21,22,7,91,36,442.7,7.53,0.396,1.0
06300630,Hindenburgdamm,Steglitz-Zehlendorf,0.7448,52.439876,13.317078,5667.0,1287.0,7608.8,4162.0,2.0,stabil,3,4.43,883,4.7,66.7,101.5,100.0,100.0,1.0,2,2,7,2,4,1,20,9,1889.0,0.706,0.45,0.0
11300617,Fennpfuhlpark,Lichtenberg,0.4748,52.528985,13.472542,4407.0,880.0,9281.8,3367.0,3.0,negativ,3,4.03,514,4.5,33.3,95.7,100.0,100.0,1.0,4,1,5,4,5,1,16,3,1469.0,0.908,0.188,0.0
07501029,Ringstraße,Tempelhof-Schoeneberg,1.442,52.4427,13.372797,8544.0,2158.0,5925.1,3588.0,2.0,stabil,1,4.4,90,4.4,0.0,72.0,100.0,100.0,1.0,17,0,9,5,13,2,31,9,8544.0,0.351,0.29,0.0
09100101,Alt-Treptow,Treptow-Koepenick,2.3142,52.489879,13.458617,13453.0,2984.0,5813.2,4445.0,2.0,stabil,1,4.6,80,4.6,0.0,105.0,100.0,100.0,1.0,27,3,20,17,46,5,97,34,13453.0,0.446,0.351,0.0
04300623,Karl-August-Platz,Charlottenburg-Wilmersdorf,0.5827,52.5087,13.30852,12187.0,3582.0,20914.7,4597.0,2.0,stabil,8,4.3,3718,5.0,37.5,97.6,100.0,85.7,1.0,15,1,17,24,24,15,182,71,1523.4,1.887,0.39,0.0
05300737,Gartenfelder Straße,Spandau,1.0417,52.544474,13.240843,11913.0,2724.0,11436.1,3290.0,3.0,stabil,7,4.39,870,4.9,42.9,103.9,85.7,100.0,2.5,22,0,4,5,7,2,27,8,1701.9,0.755,0.296,0.0
06300524,Berlepschstraße,Steglitz-Zehlendorf,1.7456,52.425024,13.24078,5624.0,898.0,3221.8,4457.0,2.0,stabil,1,4.5,85,4.5,100.0,50.0,0.0,0.0,1.0,16,8,7,0,6,0,12,2,5624.0,0.178,0.167,0.0
01200623,Stephankiez,Mitte,0.8965,52.531306,13.353242,10990.0,3765.0,12258.8,4212.0,2.0,stabil,4,4.28,1449,4.6,75.0,69.8,75.0,100.0,3.25,15,0,17,10,28,2,59,24,2747.5,0.546,0.407,0.0
05200632,Tiefwerder,Spandau,1.565,52.521173,13.211071,3655.0,778.0,2335.5,3404.0,3.0,stabil,2,4.1,14,4.6,0.0,81.8,100.0,100.0,10.0,10,0,0,1,2,0,2,0,1827.5,0.547,0.0,0.0
04400835,Rüdesheimer Platz,Charlottenburg-Wilmersdorf,0.6002,52.472697,13.315289,10164.0,1963.0,16934.4,4649.0,2.0,stabil,1,4.6,599,4.6,100.0,119.0,100.0,100.0,1.0,14,1,8,1,4,0,26,7,10164.0,0.098,0.269,0.0
10200627,Am Kienberg,Marzahn-Hellersdorf,0.5332,52.530744,13.587868,3689.0,754.0,6918.6,3187.0,2.0,stabil,0,,0,,,,,,,7,0,1,1,5,0,3,3,,0.0,1.0,0.0
02300418,Reichenberger Straße Ost,Friedrichshain-Kreuzberg,0.5998,52.494043,13.436121,7629.0,1979.0,12719.2,4390.0,2.0,stabil,2,4.4,262,4.8,50.0,94.5,100.0,100.0,1.0,3,2,22,16,21,2,73,31,3814.5,0.524,0.425,0.0
02500728,Samariterviertel,Friedrichshain-Kreuzberg,0.3106,52.5171,13.464842,10073.0,3017.0,32430.8,4908.0,2.0,stabil,7,4.61,4617,4.9,57.1,109.3,100.0,100.0,1.0,10,0,14,20,17,2,93,49,1439.0,0.893,0.527,0.0
01200627,Zillesiedlung,Mitte,0.1744,52.525792,13.361431,3388.0,834.0,19426.6,3453.0,4.0,positiv,0,,0,,,,,,,5,1,1,1,0,0,7,3,,0.0,0.429,0.0
05400945,Kafkastraße,Spandau,1.7372,52.448385,13.1291,3671.0,366.0,2113.2,5167.0,1.0,stabil,0,,0,,,,,,,13,0,3,0,5,0,8,3,,0.0,0.375,0.0
08200729,Britzer Garten,Neukoelln,3.1523,52.434622,13.421599,1869.0,318.0,592.9,,1.0,stabil,2,4.9,96,5.0,50.0,80.5,50.0,50.0,1.0,0,1,5,1,7,0,32,13,934.5,1.07,0.406,0.0
02200207,Gleisdreieck,Friedrichshain-Kreuzberg,0.7462,52.498174,13.374519,2666.0,627.0,3572.8,6347.0,1.0,stabil,1,4.9,78,4.9,0.0,84.0,100.0,0.0,1.0,5,0,2,4,9,3,20,4,2666.0,1.5,0.2,0.0
12200413,Tegel Süd,Reinickendorf,0.7552,52.578546,13.276676,8103.0,1739.0,10729.6,3902.0,3.0,stabil,0,,0,,,,,,,1,0,5,0,8,2,14,5,,0.247,0.357,0.0
04500937,Halensee,Charlottenburg-Wilmersdorf,0.7094,52.498069,13.289947,7653.0,1767.0,10788.0,4828.0,2.0,negativ,1,4.2,343,4.2,0.0,105.0,100.0,100.0,1.0,9,3,6,6,23,1,65,25,7653.0,0.261,0.385,0.0
03400830,Kissingenviertel,Pankow,0.6593,52.567478,13.421148,9293.0,1866.0,14095.3,,2.0,stabil,0,,0,,,,,,,8,0,9,3,10,0,12,2,,0.0,0.167,0.0
03500936,Komponistenviertel Weißensee,Pankow,1.1198,52.546108,13.459135,10052.0,2085.0,8976.6,4250.0,2.0,stabil,2,4.25,784,4.3,50.0,0.0,0.0,100.0,1.0,20,0,17,4,8,1,31,8,5026.0,0.298,0.258,0.0
10200420,Gut Hellersdorf,Marzahn-Hellersdorf,0.7681,52.536622,13.590844,9010.0,2057.0,11730.2,3018.0,4.0,stabil,3,3.67,212,4.5,66.7,82.7,100.0,66.7,1.0,6,0,6,4,3,0,15,7,3003.3,0.333,0.467,0.0
01200517,Huttenkiez,Mitte,2.485,52.534174,13.335625,3924.0,1457.0,1579.1,3808.0,3.0,stabil,1,3.9,262,3.9,100.0,127.0,100.0,100.0,1.0,14,3,7,2,40,3,35,10,3924.0,1.019,0.286,0.0
04300619,Alt-Lietzow,Charlottenburg-Wilmersdorf,0.5367,52.518804,13.309578,9007.0,2288.0,16782.2,4274.0,2.0,stabil,1,4.0,327,4.0,0.0,112.0,100.0,100.0,1.0,12,0,16,7,17,2,47,13,9007.0,0.333,0.277,0.0
06100205,Südende,Steglitz-Zehlendorf,0.8509,52.447326,13.34811,9988.0,2353.0,11738.2,4108.0,2.0,stabil,2,4.35,791,4.4,50.0,105.5,100.0,100.0,1.0,19,0,8,3,7,3,30,13,4994.0,0.501,0.433,0.0
04300624,Savignyplatz,Charlottenburg-Wilmersdorf,0.5346,52.507977,13.31971,9314.0,2581.0,17422.4,5010.0,2.0,stabil,3,4.47,1141,4.9,66.7,99.0,100.0,100.0,1.0,8,8,17,24,23,2,183,57,3104.7,0.537,0.311,0.0
10200419,Havelländer Ring,Marzahn-Hellersdorf,0.2036,52.54219,13.599653,4357.0,1153.0,21399.8,2991.0,2.0,positiv,0,,0,,,,,,,3,0,3,2,2,1,8,2,,0.23,0.25,1.0
04200207,Eichkamp,Charlottenburg-Wilmersdorf,17.4408,52.491752,13.24093,2996.0,921.0,171.8,,1.0,negativ,0,,0,,,,,,,24,0,13,1,3,0,25,6,,0.0,0.24,0.0
02200211,Chamissokiez,Friedrichshain-Kreuzberg,0.9771,52.488223,13.39598,14595.0,3696.0,14937.1,4682.0,2.0,stabil,8,4.44,2580,4.9,62.5,92.4,87.5,87.5,2.12,7,1,39,42,62,7,210,72,1824.4,1.028,0.343,0.0
03601141,Arnimplatz,Pankow,0.2868,52.552469,13.410837,7057.0,2151.0,24606.0,4990.0,2.0,stabil,3,4.5,827,4.6,66.7,63.9,66.7,100.0,4.0,7,0,19,8,11,0,50,15,2352.3,0.425,0.3,0.0
11401137,Erieseering,Lichtenberg,0.718,52.498552,13.518753,9004.0,2113.0,12540.4,3362.0,2.0,stabil,3,4.17,779,4.8,33.3,122.0,100.0,100.0,1.0,15,0,5,2,7,0,18,5,3001.3,0.333,0.278,0.0
10100311,Marzahner Chaussee,Marzahn-Hellersdorf,3.9934,52.525656,13.531514,2670.0,735.0,668.6,3410.0,2.0,stabil,3,4.2,685,4.7,33.3,49.0,50.0,100.0,1.0,52,0,10,4,41,1,44,11,890.0,1.498,0.25,0.0
09100306,Späthsfelde,Treptow-Koepenick,2.7228,52.450297,13.478665,3059.0,422.0,1123.5,4346.0,1.0,positiv,0,,0,,,,,,,16,1,1,2,5,0,7,1,,0.0,0.143,1.0
03400724,Wolfshagener Straße,Pankow,0.7701,52.577789,13.421313,8494.0,1778.0,11029.7,4032.0,2.0,stabil,0,,0,,,,,,,8,0,16,1,5,0,16,4,,0.0,0.25,0.0
01200628,Lüneburger Straße,Mitte,0.7456,52.521893,13.363693,3281.0,871.0,4400.5,4779.0,2.0,stabil,2,4.35,974,4.4,50.0,57.5,50.0,100.0,1.0,23,1,7,7,32,9,55,21,1640.5,3.353,0.382,0.0
08401241,Blumenviertel,Neukoelln,2.12,52.432312,13.481065,8319.0,1479.0,3924.1,3979.0,2.0,stabil,2,4.45,298,4.6,0.0,92.0,100.0,100.0,5.5,19,0,1,5,5,0,36,13,4159.5,0.24,0.361,0.0
04400726,Bismarckallee,Charlottenburg-Wilmersdorf,1.4284,52.491483,13.279961,5417.0,888.0,3792.4,,2.0,negativ,0,,0,,,,,,,15,1,8,1,18,0,11,1,,0.0,0.091,0.0
12400618,Heiligensee Nord,Reinickendorf,3.2471,52.619798,13.246968,3789.0,461.0,1166.9,4221.0,1.0,negativ,1,4.2,15,4.2,0.0,77.0,100.0,100.0,1.0,17,0,4,0,5,0,6,1,3789.0,0.264,0.167,0.0
11300618,Storkower Bogen,Lichtenberg,0.3212,52.526593,13.464037,3850.0,1007.0,11986.3,3712.0,2.0,stabil,1,4.7,182,4.7,0.0,98.0,100.0,100.0,1.0,7,0,6,1,4,1,13,9,3850.0,0.519,0.692,0.0
06100102,Schloßstraße,Steglitz-Zehlendorf,0.4888,52.459816,13.320557,9048.0,2064.0,18510.6,4626.0,2.0,stabil,14,4.64,9056,5.0,28.6,86.3,81.8,81.8,5.18,15,1,14,12,15,2,114,37,646.3,1.768,0.325,0.0
03701660,Bötzowstraße,Pankow,0.5705,52.532785,13.431781,12614.0,2920.0,22110.4,5266.0,2.0,stabil,5,4.58,4786,4.9,60.0,97.3,80.0,100.0,1.0,13,2,40,15,23,3,87,27,2522.8,0.634,0.31,0.0
01400941,Londoner Straße,Mitte,0.4503,52.561076,13.338757,3863.0,890.0,8578.7,3538.0,2.0,stabil,0,,0,,,,,,,0,0,1,1,5,0,10,4,,0.0,0.4,0.0
08100313,Bouchéstraße,Neukoelln,0.1401,52.487507,13.442503,3740.0,819.0,26695.2,3551.0,2.0,positiv,0,,0,,,,,,,6,0,3,1,0,0,2,0,,0.0,0.0,1.0
01100416,Arkonaplatz,Mitte,0.602,52.534587,13.402201,13523.0,3460.0,22463.5,5830.0,1.0,stabil,3,4.5,1378,4.7,33.3,99.2,100.0,100.0,1.0,13,0,34,28,20,5,128,49,4507.7,0.592,0.383,0.0
01100313,Heine-Viertel Ost,Mitte,0.7181,52.5079,13.420317,11590.0,3571.0,16139.8,4865.0,2.0,stabil,2,4.55,1775,4.6,50.0,72.0,50.0,100.0,1.0,13,3,10,7,20,1,68,25,5795.0,0.259,0.368,0.0
12400721,Frohnau Ost,Reinickendorf,5.09,52.641893,13.299623,7891.0,988.0,1550.3,5693.0,1.0,stabil,0,,0,,,,,,,20,0,10,1,6,0,16,4,,0.0,0.25,0.0
01200519,Emdener Straße,Mitte,0.3472,52.529642,13.331846,9592.0,3371.0,27626.7,4062.0,2.0,stabil,8,4.33,2804,4.8,25.0,85.4,85.7,100.0,2.12,3,0,18,12,5,2,82,33,1199.0,1.043,0.402,0.0
03400721,Florakiez,Pankow,0.7942,52.566006,13.39985,11895.0,2438.0,14977.3,4946.0,2.0,stabil,3,4.1,372,4.9,33.3,95.3,100.0,100.0,1.0,13,0,27,12,17,0,48,17,3965.0,0.252,0.354,0.0
02200209,Viktoriapark,Friedrichshain-Kreuzberg,0.6936,52.488666,13.380125,10957.0,2732.0,15797.3,4777.0,2.0,stabil,3,4.47,2168,4.6,66.7,112.7,100.0,100.0,1.0,21,0,29,20,27,3,107,40,3652.3,0.548,0.374,0.0
05400944,Kladower Damm,Spandau,4.3122,52.454288,13.148287,2183.0,255.0,506.2,,1.0,negativ,1,3.7,142,3.7,0.0,65.0,0.0,0.0,1.0,8,0,2,4,3,1,15,5,2183.0,0.916,0.333,0.0
02500830,Niederbarnimstraße,Friedrichshain-Kreuzberg,0.1655,52.513858,13.458891,4071.0,1297.0,24598.2,4810.0,2.0,stabil,3,4.3,209,5.0,33.3,119.3,100.0,100.0,1.0,8,0,8,17,3,2,54,23,1357.0,1.228,0.426,0.0
07501031,Eisenacher Straße,Tempelhof-Schoeneberg,1.5423,52.446218,13.393037,9124.0,1939.0,5915.8,3710.0,2.0,stabil,4,4.4,1257,4.9,75.0,102.1,75.0,100.0,3.25,22,0,4,4,3,5,45,16,2281.0,0.986,0.356,0.0
08301037,Gropiusstadt Süd-Ost,Neukoelln,0.4379,52.422721,13.477565,11049.0,2544.0,25231.8,3131.0,3.0,stabil,2,3.75,151,4.0,50.0,49.0,50.0,100.0,1.0,5,0,6,2,5,0,8,1,5524.5,0.181,0.125,0.0
12601031,Lübarser Straße,Reinickendorf,1.1341,52.603036,13.337101,3333.0,572.0,2938.9,3862.0,2.0,stabil,1,4.7,338,4.7,100.0,77.0,0.0,100.0,1.0,10,0,6,0,7,1,18,6,3333.0,0.6,0.333,0.0
04400728,Hagenplatz,Charlottenburg-Wilmersdorf,0.9437,52.483213,13.273616,3189.0,501.0,3379.3,4299.0,2.0,negativ,0,,0,,,,,,,18,1,7,4,15,0,3,2,,0.0,0.667,0.0
07200307,Bayerischer Platz,Tempelhof-Schoeneberg,0.5239,52.490059,13.340685,10549.0,2411.0,20135.5,4510.0,2.0,stabil,4,3.93,1102,4.4,50.0,98.4,100.0,100.0,1.0,11,1,12,6,13,3,50,22,2637.2,0.664,0.44,0.0
09501737,Alt-Friedrichshagen,Treptow-Koepenick,11.1704,52.458293,13.634316,14359.0,1859.0,1285.5,4299.0,2.0,stabil,2,4.5,483,4.5,0.0,56.0,50.0,100.0,1.0,47,0,20,11,19,0,55,15,7179.5,0.139,0.273,0.0
10200524,Adele-Sandrock-Straße,Marzahn-Hellersdorf,1.1113,52.535823,13.621434,11814.0,2552.0,10630.8,3227.0,2.0,stabil,5,4.17,649,4.5,60.0,45.5,50.0,100.0,1.0,28,1,7,0,5,1,14,4,2362.8,0.508,0.286,0.0
03500932,Bühringstraße,Pankow,0.9925,52.558577,13.444097,6659.0,1666.0,6709.3,3822.0,2.0,positiv,0,,0,,,,,,,10,1,6,0,8,0,10,3,,0.0,0.3,1.0
07200413,Cheruskerstraße,Tempelhof-Schoeneberg,0.7972,52.478844,13.362929,7708.0,2066.0,9668.8,4614.0,2.0,stabil,2,3.85,395,4.1,50.0,105.0,100.0,100.0,1.0,9,1,20,8,30,4,60,19,3854.0,0.778,0.317,0.0
02400520,Barnimkiez,Friedrichshain-Kreuzberg,0.9416,52.525032,13.433791,5904.0,1259.0,6270.2,3751.0,2.0,positiv,0,,0,,,,,,,15,0,5,4,5,0,16,3,,0.0,0.188,1.0
02500836,Stralauer Halbinsel,Friedrichshain-Kreuzberg,1.117,52.493727,13.472155,5137.0,823.0,4598.9,5936.0,1.0,stabil,0,,0,,,,,,,13,0,8,2,5,0,10,2,,0.0,0.2,0.0
12500928,Waidmannslust,Reinickendorf,1.7319,52.607422,13.315659,5158.0,906.0,2978.2,4198.0,2.0,stabil,1,4.2,90,4.2,0.0,119.0,100.0,100.0,1.0,15,1,16,6,6,1,33,11,5158.0,0.388,0.333,0.0
05100210,Germersheimer Platz,Spandau,0.5448,52.547693,13.185281,7911.0,1979.0,14520.9,3186.0,4.0,stabil,2,3.75,420,4.1,0.0,106.5,100.0,100.0,1.0,16,0,4,3,2,0,13,4,3955.5,0.253,0.308,0.0
08401246,Waltersdorfer Chaussee Ost,Neukoelln,2.2451,52.413168,13.509709,7840.0,1289.0,3492.0,3774.0,2.0,stabil,1,4.2,226,4.2,0.0,101.5,100.0,100.0,1.0,17,0,3,4,3,0,11,1,7840.0,0.128,0.091,0.0
03300515,Blankenburger Süden,Pankow,1.1627,52.58479,13.454342,49.0,9.0,42.1,,,,0,,0,,,,,,,9,0,1,0,0,0,0,0,,0.0,,
04500936,Droysenstraße,Charlottenburg-Wilmersdorf,0.2735,52.501864,13.301694,5621.0,1270.0,20552.1,5002.0,2.0,stabil,0,,0,,,,,,,7,0,11,8,7,0,52,24,,0.0,0.462,0.0
02300419,Wrangelkiez,Friedrichshain-Kreuzberg,0.5267,52.498268,13.445204,10396.0,2886.0,19738.0,4165.0,2.0,positiv,7,4.57,4049,4.9,85.7,100.2,100.0,100.0,1.0,6,2,25,40,24,7,180,71,1485.1,1.347,0.394,1.0
08100208,Körnerpark,Neukoelln,0.5539,52.471819,13.43517,11955.0,3586.0,21583.3,3831.0,3.0,positiv,7,4.3,2751,4.8,42.9,94.7,83.3,100.0,3.57,6,0,21,20,13,6,123,47,1707.9,1.087,0.382,0.0
07100101,Wittenbergplatz,Tempelhof-Schoeneberg,0.621,52.498679,13.342959,9794.0,2105.0,15771.3,4515.0,2.0,stabil,4,4.72,3728,5.0,25.0,98.7,100.0,100.0,14.0,11,0,15,30,22,7,141,31,2448.5,1.123,0.22,0.0
03500935,Behaimstraße,Pankow,0.4391,52.551059,13.449818,6799.0,1681.0,15483.9,4267.0,2.0,stabil,2,4.5,742,4.5,100.0,117.5,100.0,100.0,5.5,7,0,13,9,7,0,36,19,3399.5,0.294,0.528,0.0
02200212,Graefekiez Süd,Friedrichshain-Kreuzberg,0.3911,52.489237,13.414045,8340.0,2034.0,21324.5,4461.0,2.0,stabil,1,4.2,73,4.2,100.0,98.0,100.0,100.0,1.0,7,2,17,10,18,1,83,34,8340.0,0.24,0.41,0.0
05200524,Döberitzer Weg,Spandau,1.6609,52.525154,13.133153,3380.0,594.0,2035.0,4066.0,1.0,stabil,2,4.5,306,4.6,50.0,74.2,0.0,50.0,1.0,13,0,2,1,1,1,12,4,1690.0,0.888,0.333,0.0
03400826,Tiroler Viertel,Pankow,0.659,52.560833,13.407928,7222.0,1613.0,10959.0,4171.0,2.0,stabil,2,4.15,577,4.8,100.0,109.5,100.0,100.0,1.0,19,0,14,6,10,0,21,6,3611.0,0.277,0.286,0.0
01300836,Humboldthain Nordwest,Mitte,1.4414,52.543279,13.37207,14947.0,5012.0,10369.8,3710.0,4.0,positiv,9,4.21,2460,4.7,22.2,101.0,88.9,88.9,5.11,28,0,20,25,30,9,136,62,1660.8,1.204,0.456,0.0
11100101,Dörfer Malchow-Wartenberg,Lichtenberg,8.4506,52.579626,13.50697,3356.0,395.0,397.1,3876.0,1.0,stabil,0,,0,,,,,,,21,0,6,1,8,0,8,2,,0.0,0.25,0.0
10300733,Alt-Biesdorf,Marzahn-Hellersdorf,2.3981,52.507615,13.556058,5190.0,1024.0,2164.2,4226.0,1.0,negativ,2,4.1,608,4.2,0.0,98.2,100.0,100.0,1.0,15,0,8,1,9,0,25,3,2595.0,0.385,0.12,0.0
08100419,Treptower Straße Nord,Neukoelln,0.4306,52.484012,13.451976,7192.0,1915.0,16702.3,3630.0,4.0,positiv,1,3.5,75,3.5,0.0,140.0,100.0,100.0,1.0,10,0,4,5,5,1,29,12,7192.0,0.278,0.414,0.0
05200633,Graetschelsteig,Spandau,0.491,52.516209,13.191367,2159.0,396.0,4397.1,,3.0,stabil,0,,0,,,,,,,15,0,0,1,2,2,7,3,,0.926,0.429,0.0
07601544,John-Locke-Straße,Tempelhof-Schoeneberg,1.1239,52.391517,13.402008,9262.0,1618.0,8240.9,3507.0,2.0,stabil,4,4.5,2113,4.8,25.0,98.0,100.0,100.0,1.0,26,0,8,1,7,2,29,14,2315.5,0.648,0.483,0.0
06200423,Schütte-Lanz-Straße,Steglitz-Zehlendorf,1.7418,52.415332,13.328746,8606.0,1224.0,4940.9,4563.0,2.0,stabil,0,,0,,,,,,,21,0,5,0,4,0,11,6,,0.0,0.545,0.0
06300525,Zehlendorf Süd,Steglitz-Zehlendorf,1.3135,52.411293,13.258254,5820.0,1115.0,4430.9,3660.0,2.0,stabil,2,4.45,80,5.0,50.0,67.5,50.0,0.0,1.0,13,0,5,2,3,1,6,2,2910.0,0.515,0.333,0.0
03501037,Rathaus Weißensee,Pankow,1.745,52.561258,13.465298,8487.0,1802.0,4863.6,3502.0,2.0,stabil,3,3.97,608,4.5,66.7,37.3,33.3,100.0,1.0,27,0,13,3,9,1,31,7,2829.0,0.471,0.226,0.0
11401136,Volkradstraße,Lichtenberg,0.7973,52.499749,13.50882,8336.0,2318.0,10455.3,3468.0,2.0,stabil,1,3.0,72,3.0,0.0,76.8,0.0,100.0,1.0,10,0,10,0,5,0,9,4,8336.0,0.12,0.444,0.0
07501032,Imbrosweg,Tempelhof-Schoeneberg,1.2322,52.444151,13.406506,6284.0,1333.0,5099.8,3844.0,2.0,stabil,0,,0,,,,,,,7,0,6,2,2,0,7,2,,0.0,0.286,0.0
09100203,Plänterwald Ost,Treptow-Koepenick,2.145,52.477246,13.482401,7473.0,2116.0,3483.9,3467.0,2.0,stabil,0,,0,,,,,,,16,0,6,0,8,0,12,2,,0.0,0.167,0.0
05300839,Rohrdamm,Spandau,1.2179,52.545567,13.261758,8314.0,2128.0,6826.5,,3.0,stabil,0,,0,,,,,,,11,0,4,1,3,0,9,5,,0.0,0.556,0.0
09401432,Siedlung Kämmereiheide,Treptow-Koepenick,0.9387,52.445368,13.605697,1572.0,198.0,1674.7,,2.0,negativ,0,,0,,,,,,,12,0,1,0,4,0,2,0,,0.0,0.0,0.0
05300735,Haveleck,Spandau,1.0329,52.553193,13.230864,4520.0,1523.0,4376.0,3774.0,2.0,negativ,0,,0,,,,,,,6,0,2,0,4,0,5,4,,0.0,0.8,0.0
12601236,Schorfheidestraße,Reinickendorf,0.5783,52.59389,13.351489,3190.0,648.0,5516.2,3776.0,2.0,stabil,1,4.3,158,4.3,100.0,91.0,100.0,100.0,1.0,8,0,4,1,1,1,15,3,3190.0,0.627,0.2,0.0
11300724,Roedeliusplatz,Lichtenberg,0.4113,52.514524,13.490187,4372.0,1268.0,10629.7,3718.0,2.0,stabil,2,4.65,769,4.8,0.0,98.0,100.0,100.0,1.0,7,0,2,3,15,0,16,7,2186.0,0.457,0.438,0.0
01100414,Nordbahnhof,Mitte,0.373,52.535108,13.380372,5513.0,1746.0,14780.2,6264.0,1.0,stabil,1,4.8,166,4.8,0.0,93.0,100.0,100.0,1.0,0,2,5,4,12,2,35,10,5513.0,0.544,0.286,0.0
09300923,Kölner Viertel,Treptow-Koepenick,1.5666,52.404302,13.538831,9100.0,1709.0,5808.8,3548.0,2.0,stabil,0,,0,,,,,,,9,0,8,1,8,0,12,3,,0.0,0.25,0.0
02100101,Askanischer Platz,Friedrichshain-Kreuzberg,0.7107,52.501438,13.381517,7225.0,2379.0,10166.0,4313.0,3.0,stabil,0,,0,,,,,,,20,9,13,9,32,0,50,11,,0.0,0.22,0.0
10400939,Alt-Mahlsdorf,Marzahn-Hellersdorf,1.8989,52.509272,13.617751,4529.0,588.0,2385.1,4261.0,1.0,stabil,3,4.4,683,4.7,33.3,74.7,66.7,33.3,1.0,35,0,9,0,8,2,10,4,1509.7,1.104,0.4,0.0
12400617,Alt-Heiligensee,Reinickendorf,5.3583,52.609412,13.227682,6704.0,796.0,1251.1,4801.0,1.0,stabil,1,4.0,122,4.0,100.0,66.0,100.0,100.0,1.0,27,0,9,4,4,0,22,7,6704.0,0.149,0.318,0.0
08200726,Hufeisensiedlung,Neukoelln,0.9885,52.448087,13.440754,6109.0,1116.0,6180.1,3828.0,2.0,stabil,2,4.2,757,4.2,100.0,77.5,100.0,50.0,1.0,13,0,7,1,2,0,24,8,3054.5,0.327,0.333,0.0
07100102,Kalckreuthstraße,Tempelhof-Schoeneberg,0.5166,52.498315,13.350367,8696.0,2270.0,16833.1,4506.0,2.0,stabil,7,4.26,6548,4.8,57.1,108.9,100.0,100.0,6.43,15,1,9,36,20,7,109,39,1242.3,1.61,0.358,0.0
02400623,Andreasviertel,Friedrichshain-Kreuzberg,0.9217,52.514048,13.429849,14037.0,4425.0,15229.5,4160.0,2.0,stabil,3,4.07,581,4.6,0.0,80.5,50.0,100.0,1.0,16,0,8,14,21,8,73,31,4679.0,0.784,0.425,0.0
05400942,Alt-Gatow,Spandau,11.5097,52.471408,13.163773,3691.0,451.0,320.7,4663.0,1.0,stabil,0,,0,,,,,,,34,0,7,1,5,0,17,6,,0.0,0.353,0.0
01100309,Oranienburger Straße,Mitte,1.0114,52.525123,13.399407,12651.0,3298.0,12508.4,5389.0,2.0,stabil,8,4.54,20970,4.7,37.5,99.3,87.5,87.5,2.12,29,9,28,95,116,20,394,116,1581.4,2.213,0.294,0.0
06200313,Lankwitz Kirche,Steglitz-Zehlendorf,0.6989,52.437439,13.347487,7395.0,1558.0,10580.9,3685.0,2.0,stabil,6,4.37,1666,4.8,16.7,94.4,100.0,100.0,1.0,21,0,8,2,11,0,22,9,1232.5,0.811,0.409,0.0
01300733,Gesundbrunnen,Mitte,0.6583,52.551801,13.388639,11684.0,3584.0,17748.7,3693.0,3.0,positiv,15,4.61,11709,4.9,40.0,86.4,66.7,86.7,1.69,16,1,15,11,12,7,109,49,778.9,1.883,0.45,0.0
12200307,Reinickes Hof,Reinickendorf,0.5329,52.574955,13.327261,2804.0,684.0,5261.8,3313.0,2.0,stabil,0,,0,,,,,,,8,0,2,1,8,0,3,1,,0.0,0.333,0.0
04200309,Neu Westend,Charlottenburg-Wilmersdorf,0.6775,52.517062,13.255878,6895.0,1433.0,10177.1,4516.0,2.0,stabil,1,4.3,578,4.3,100.0,102.0,100.0,100.0,1.0,10,0,7,4,5,0,13,4,6895.0,0.145,0.308,0.0
06100204,Munsterdamm,Steglitz-Zehlendorf,1.1159,52.452531,13.350507,6803.0,1595.0,6096.4,3864.0,2.0,stabil,1,5.0,182,5.0,100.0,98.0,100.0,100.0,1.0,6,1,5,0,3,0,12,2,6803.0,0.147,0.167,0.0
01400939,Glasgower Straße,Mitte,0.3646,52.55433,13.349055,6149.0,2070.0,16865.1,3781.0,2.0,stabil,2,4.35,555,4.7,50.0,129.5,100.0,100.0,1.0,2,0,18,9,5,1,47,23,3074.5,0.488,0.489,0.0
05100206,Griesingerstraße,Spandau,1.9382,52.560428,13.155754,3623.0,631.0,1869.3,3128.0,2.0,positiv,0,,0,,,,,,,14,0,1,0,4,0,3,1,,0.0,0.333,1.0
09301227,Karolinenhof,Treptow-Koepenick,2.3568,52.392694,13.634294,1852.0,191.0,785.8,,1.0,stabil,0,,0,,,,,,,10,0,3,1,3,0,5,0,,0.0,0.0,0.0
06400842,Hüttenweg,Steglitz-Zehlendorf,2.975,52.45797,13.26157,4773.0,688.0,1604.4,5282.0,1.0,stabil,1,3.9,117,3.9,0.0,96.0,100.0,100.0,1.0,15,2,9,1,4,2,24,6,4773.0,0.629,0.25,0.0
07300515,Taunusstraße,Tempelhof-Schoeneberg,0.3671,52.473157,13.325686,6961.0,1447.0,18962.1,5101.0,1.0,stabil,1,4.4,207,4.4,0.0,50.0,0.0,0.0,1.0,11,0,15,7,5,0,37,9,6961.0,0.144,0.243,0.0
02500834,Revaler Straße,Friedrichshain-Kreuzberg,0.4946,52.50692,13.459342,11299.0,3564.0,22844.7,4898.0,2.0,stabil,8,4.41,5939,4.7,75.0,86.9,87.5,100.0,1.0,7,1,24,46,11,14,169,76,1412.4,1.947,0.45,0.0
05200634,Börnicker Straße,Spandau,3.7341,52.514954,13.202942,4319.0,586.0,1156.6,4255.0,2.0,stabil,0,,0,,,,,,,4,0,11,5,7,1,28,12,,0.232,0.429,0.0
09401635,Müggelheim,Treptow-Koepenick,22.2146,52.410293,13.69468,7059.0,710.0,317.8,4109.0,1.0,stabil,2,4.05,148,4.2,0.0,79.5,50.0,100.0,1.0,23,0,4,3,7,1,20,8,3529.5,0.425,0.4,0.0
03601347,Helmholtzplatz,Pankow,0.2978,52.543332,13.417931,9495.0,2294.0,31883.8,5248.0,2.0,stabil,4,4.55,1957,4.8,75.0,87.8,75.0,100.0,1.0,2,1,29,16,7,3,142,46,2373.8,0.737,0.324,0.0
04300413,Klausenerplatz,Charlottenburg-Wilmersdorf,0.4787,52.516203,13.290452,9973.0,2342.0,20833.5,4073.0,2.0,stabil,3,4.53,1251,4.8,33.3,83.3,100.0,100.0,1.0,1,0,20,9,9,2,53,18,3324.3,0.501,0.34,0.0
06300629,Botanischer Garten,Steglitz-Zehlendorf,1.4168,52.44991,13.301195,6988.0,1414.0,4932.2,4318.0,2.0,stabil,1,4.0,305,4.0,0.0,70.0,100.0,100.0,10.0,13,5,12,2,18,0,27,12,6988.0,0.143,0.444,0.0
08401245,Frauenviertel,Neukoelln,0.4719,52.40285,13.506693,3720.0,812.0,7883.0,3687.0,2.0,stabil,1,4.6,401,4.6,100.0,112.0,100.0,100.0,10.0,11,0,5,3,2,1,8,2,3720.0,0.538,0.25,0.0
07300618,Ceciliengärten,Tempelhof-Schoeneberg,0.5677,52.471025,13.33839,9243.0,2074.0,16281.5,4726.0,2.0,stabil,2,4.8,897,4.9,100.0,71.4,100.0,100.0,10.5,6,0,15,8,11,0,56,25,4621.5,0.216,0.446,0.0
05100102,Am Forstacker,Spandau,0.3209,52.564853,13.203158,4377.0,828.0,13639.8,3468.0,2.0,positiv,0,,0,,,,,,,1,0,1,1,0,0,8,3,,0.0,0.375,1.0
09301025,Alt-Bohnsdorf,Treptow-Koepenick,5.5343,52.399171,13.564131,11919.0,2138.0,2153.7,3689.0,2.0,stabil,1,4.7,678,4.7,0.0,98.0,100.0,100.0,1.0,33,0,6,0,15,0,23,5,11919.0,0.084,0.217,0.0
09200613,Bahnhof Schöneweide,Treptow-Koepenick,1.9054,52.456795,13.522438,10704.0,3635.0,5617.7,3928.0,2.0,stabil,4,4.6,1665,4.9,75.0,108.5,75.0,75.0,1.0,30,0,17,10,16,4,55,26,2676.0,0.747,0.473,0.0
03100102,Klinikum Buch,Pankow,2.7323,52.636164,13.509741,3505.0,793.0,1282.8,3485.0,2.0,stabil,0,,0,,,,,,,15,0,1,3,5,0,10,4,,0.0,0.4,0.0
08100520,Weiße Siedlung,Neukoelln,1.1206,52.476192,13.462726,5737.0,1552.0,5119.6,3014.0,4.0,positiv,1,4.4,172,4.4,0.0,,,,1.0,8,0,3,3,11,1,15,5,5737.0,0.349,0.333,0.0
06300527,Sundgauer Straße,Steglitz-Zehlendorf,0.98,52.43549,13.274574,8541.0,1703.0,8715.3,4370.0,2.0,stabil,0,,0,,,,,,,15,0,6,0,4,0,5,1,,0.0,0.2,0.0
10100104,Golliner Straße,Marzahn-Hellersdorf,0.8852,52.565831,13.577057,7521.0,1481.0,8496.4,2964.0,4.0,stabil,2,4.0,303,4.6,50.0,84.0,100.0,100.0,1.0,11,0,8,1,2,0,5,4,3760.5,0.266,0.8,0.0
09100202,Plänterwald West,Treptow-Koepenick,0.8541,52.481588,13.467488,4280.0,780.0,5011.1,4180.0,2.0,stabil,0,,0,,,,,,,6,1,4,4,9,0,9,4,,0.0,0.444,0.0
07400824,Bosepark,Tempelhof-Schoeneberg,0.6369,52.464797,13.382235,7387.0,1717.0,11598.4,4039.0,2.0,stabil,6,4.55,3746,4.9,66.7,102.1,100.0,83.3,1.0,17,0,9,4,15,2,45,15,1231.2,1.083,0.333,0.0
07400822,Lindenhofsiedlung,Tempelhof-Schoeneberg,1.4534,52.463466,13.365154,3291.0,762.0,2264.3,4396.0,2.0,positiv,1,4.0,149,4.0,0.0,60.0,0.0,0.0,1.0,20,1,3,2,21,1,24,3,3291.0,0.608,0.125,1.0
10100207,Ahrensfelder Berge,Marzahn-Hellersdorf,1.0991,52.553871,13.580106,8320.0,1618.0,7569.8,2982.0,3.0,positiv,1,3.6,51,3.6,0.0,0.0,0.0,100.0,,0,0,7,1,3,0,6,1,8320.0,0.12,0.167,0.0
09100305,Baumschulenweg Ost,Treptow-Koepenick,0.4968,52.4708,13.49169,4338.0,1166.0,8731.9,3832.0,2.0,stabil,1,4.5,132,4.5,100.0,91.0,100.0,100.0,1.0,16,0,3,2,3,0,13,4,4338.0,0.231,0.308,0.0
11400930,Zachertstraße,Lichtenberg,0.4041,52.504934,13.50615,4760.0,1253.0,11779.3,3948.0,2.0,stabil,0,,0,,,,,,,9,0,6,0,4,0,4,0,,0.0,0.0,0.0
07501133,Fritz-Werner-Straße,Tempelhof-Schoeneberg,1.7562,52.433999,13.382384,8254.0,1806.0,4699.9,3501.0,2.0,stabil,1,4.8,911,4.8,0.0,107.0,100.0,100.0,1.0,21,0,8,2,15,2,42,15,8254.0,0.363,0.357,0.0
09401431,Allende I,Treptow-Koepenick,0.5135,52.445356,13.585938,5992.0,947.0,11668.9,3541.0,2.0,stabil,3,4.3,1204,4.5,0.0,88.0,66.7,66.7,1.0,2,0,3,3,1,3,19,7,1997.3,1.001,0.368,0.0
04400834,Binger Straße,Charlottenburg-Wilmersdorf,0.4231,52.473123,13.310334,3384.0,629.0,7998.1,4436.0,1.0,stabil,0,,0,,,,,,,5,3,6,1,7,0,8,2,,0.0,0.25,0.0
06400839,Fischerhüttenstraße,Steglitz-Zehlendorf,1.8327,52.439006,13.241371,5370.0,831.0,2930.1,5196.0,1.0,negativ,2,4.5,546,4.5,100.0,86.5,100.0,100.0,1.0,16,1,13,2,8,1,28,3,2685.0,0.559,0.107,0.0
07400928,Germaniagarten,Tempelhof-Schoeneberg,0.6603,52.460109,13.417591,3965.0,1205.0,6004.8,3445.0,4.0,stabil,2,3.7,90,4.1,0.0,0.0,0.0,100.0,10.0,5,1,4,2,6,0,19,5,1982.5,0.504,0.263,0.0
10200418,Kyritzer Straße,Marzahn-Hellersdorf,0.6426,52.543352,13.587611,7367.0,1738.0,11464.4,3137.0,2.0,stabil,2,4.0,1070,4.1,0.0,101.0,100.0,50.0,1.0,11,0,4,0,0,1,7,4,3683.5,0.407,0.571,0.0
02500727,Forckenbeckplatz,Friedrichshain-Kreuzberg,0.338,52.517866,13.457925,6519.0,1840.0,19287.0,4639.0,2.0,stabil,1,4.1,70,4.1,100.0,140.0,100.0,100.0,1.0,13,0,7,4,7,0,43,16,6519.0,0.153,0.372,0.0
11100206,Wartenberg Nord,Lichtenberg,0.6592,52.573652,13.508894,7807.0,1462.0,11843.1,3042.0,4.0,stabil,4,3.85,315,4.0,25.0,88.5,75.0,100.0,1.0,8,0,3,1,6,3,11,4,1951.8,0.897,0.364,0.0
03701659,Immanuelkirchstraße,Pankow,0.4162,52.531518,13.423199,9477.0,2493.0,22770.3,5309.0,2.0,stabil,3,4.4,1795,4.6,66.7,115.7,100.0,100.0,1.0,1,0,12,6,21,4,62,18,3159.0,0.739,0.29,0.0
11100203,Falkenberg Ost,Lichtenberg,0.91,52.565471,13.533598,9394.0,1916.0,10323.1,3022.0,4.0,stabil,1,3.6,85,3.6,0.0,98.0,100.0,100.0,1.0,5,0,7,0,5,0,6,6,9394.0,0.106,1.0,0.0
11300619,Rudolf-Seiffert-Park,Lichtenberg,0.3726,52.524919,13.473983,8889.0,2785.0,23856.7,3552.0,2.0,stabil,1,4.0,95,4.0,0.0,98.0,100.0,100.0,1.0,4,0,7,3,3,0,6,4,8889.0,0.112,0.667,0.0
02300417,Reichenberger Straße West,Friedrichshain-Kreuzberg,0.3697,52.497389,13.424777,8301.0,2171.0,22453.3,4326.0,2.0,stabil,3,4.37,2141,4.5,66.7,91.0,100.0,100.0,4.0,5,1,9,37,17,4,133,37,2767.0,0.843,0.278,0.0
02100103,Am Berlin Museum,Friedrichshain-Kreuzberg,0.4133,52.502882,13.398526,5470.0,1524.0,13234.9,4034.0,3.0,positiv,1,4.8,675,4.8,0.0,84.0,100.0,100.0,1.0,2,0,7,1,16,1,32,14,5470.0,0.366,0.438,0.0
09200512,Wuhlheide,Treptow-Koepenick,4.2468,52.463163,13.538049,4433.0,1682.0,1043.8,3798.0,2.0,positiv,0,,0,,,,,,,16,3,6,2,15,1,27,12,,0.226,0.444,1.0
01100415,Invalidenstraße,Mitte,0.7801,52.531931,13.393352,13348.0,3807.0,17110.6,5611.0,1.0,stabil,5,4.54,4292,4.9,60.0,95.2,80.0,100.0,1.0,14,3,25,37,66,6,173,59,2669.6,0.824,0.341,0.0
11400931,Massower Straße,Lichtenberg,0.4154,52.509107,13.509181,7064.0,1687.0,17005.3,3551.0,2.0,positiv,1,3.9,236,3.9,100.0,0.0,0.0,100.0,1.0,10,0,5,2,4,0,13,4,7064.0,0.142,0.308,1.0
06200420,Lichterfelde Süd,Steglitz-Zehlendorf,1.3707,52.415549,13.305084,7403.0,1336.0,5400.9,3378.0,2.0,stabil,1,4.5,17,4.5,0.0,98.0,100.0,100.0,1.0,21,1,6,2,4,1,14,2,7403.0,0.27,0.143,0.0
09300922,Kosmos Viertel,Treptow-Koepenick,0.3809,52.403849,13.527097,6013.0,1174.0,15786.3,2937.0,4.0,stabil,3,4.45,692,4.5,66.7,85.2,100.0,100.0,1.0,8,0,6,2,5,2,12,3,2004.3,0.832,0.25,0.0
01300834,Brunnenstraße,Mitte,0.775,52.544706,13.394499,14258.0,3642.0,18397.4,3780.0,3.0,positiv,5,3.92,1128,4.8,40.0,83.0,80.0,100.0,2.8,26,0,17,5,9,3,45,20,2851.6,0.561,0.444,0.0
08100103,Schillerpromenade Süd,Neukoelln,0.4791,52.473825,13.421234,7205.0,2003.0,15038.6,3966.0,2.0,stabil,1,3.8,278,3.8,0.0,60.0,100.0,100.0,1.0,1,1,9,13,8,0,55,25,7205.0,0.139,0.455,0.0
07400721,Paradestraße,Tempelhof-Schoeneberg,4.2811,52.474041,13.390008,7639.0,2249.0,1784.4,4405.0,2.0,negativ,0,,0,,,,,,,21,2,7,2,21,0,16,3,,0.0,0.188,0.0
04400725,Güterbahnhof Grunewald,Charlottenburg-Wilmersdorf,0.5437,52.494339,13.273143,61.0,13.0,112.2,,,,0,,0,,,,,,,3,0,0,0,0,0,2,0,,0.0,0.0,
05300841,Siemensdamm,Spandau,0.268,52.536856,13.271244,4605.0,1280.0,17182.8,,2.0,stabil,6,4.27,1527,4.9,66.7,94.3,66.7,66.7,2.5,7,0,6,4,1,5,42,17,767.5,2.389,0.405,0.0
07400927,Rathaus Tempelhof,Tempelhof-Schoeneberg,3.0593,52.461038,13.39801,11415.0,3166.0,3731.2,3679.0,2.0,stabil,7,4.56,2324,5.0,57.1,88.4,85.7,85.7,2.8,30,3,13,10,47,6,80,31,1630.7,1.139,0.388,0.0
06200316,Belßstraße,Steglitz-Zehlendorf,0.6718,52.43046,13.362679,5788.0,1491.0,8615.7,3358.0,2.0,stabil,0,,0,,,,,,,11,10,4,3,6,0,14,6,,0.0,0.429,0.0
03200205,Uhlandstraße,Pankow,2.4119,52.59477,13.392334,9167.0,1666.0,3800.7,4355.0,1.0,stabil,1,3.4,211,3.4,0.0,0.0,0.0,100.0,1.0,21,3,5,0,6,0,19,5,9167.0,0.109,0.263,0.0
11300826,Frankfurter Allee Süd,Lichtenberg,1.0533,52.508869,13.48579,10508.0,2770.0,9976.3,3432.0,2.0,stabil,0,,0,,,,,,,4,0,18,2,9,0,17,7,,0.0,0.412,0.0
04400729,Hundekehle,Charlottenburg-Wilmersdorf,3.7545,52.476392,13.263584,2840.0,379.0,756.4,,2.0,negativ,0,,0,,,,,,,4,0,3,1,11,1,16,1,,0.352,0.062,0.0
05200423,Magistratsweg,Spandau,0.6404,52.531134,13.153522,6809.0,1385.0,10632.4,3135.0,4.0,stabil,1,4.4,162,4.4,100.0,91.0,100.0,100.0,1.0,12,0,4,0,2,0,9,5,6809.0,0.147,0.556,0.0
02400624,Weberwiese,Friedrichshain-Kreuzberg,0.5647,52.5135,13.448008,11887.0,3844.0,21050.1,4542.0,2.0,stabil,6,4.33,5231,4.8,50.0,69.7,66.7,100.0,1.0,17,0,23,10,19,4,79,25,1981.2,0.841,0.316,0.0
03701657,Thälmannpark,Pankow,0.4413,52.539809,13.429282,3215.0,727.0,7285.3,4521.0,2.0,stabil,0,,0,,,,,,,9,0,6,4,14,0,12,3,,0.0,0.25,0.0
01300730,Drontheimer Straße,Mitte,0.453,52.559106,13.376681,8060.0,2649.0,17792.5,3184.0,4.0,stabil,5,4.42,1886,4.7,60.0,92.8,80.0,40.0,1.0,9,2,10,7,13,2,46,11,1612.0,0.868,0.239,0.0
04501153,Babelsberger Straße,Charlottenburg-Wilmersdorf,0.5861,52.482382,13.331246,7563.0,1930.0,12903.9,4515.0,2.0,stabil,0,,0,,,,,,,13,3,12,2,7,0,28,12,,0.0,0.429,0.0
08100417,Braunschweiger Straße,Neukoelln,0.4126,52.473002,13.449122,9569.0,2981.0,23192.0,3822.0,3.0,stabil,4,4.42,871,4.9,25.0,100.2,75.0,100.0,1.0,19,0,16,23,9,0,70,30,2392.2,0.418,0.429,0.0
04501043,Preußenpark,Charlottenburg-Wilmersdorf,0.6258,52.496105,13.314052,10999.0,2468.0,17575.9,5033.0,2.0,negativ,2,4.2,421,4.6,0.0,107.8,100.0,100.0,1.0,13,1,9,11,31,2,91,36,5499.5,0.364,0.396,0.0
01200626,Thomasiusstraße,Mitte,0.5528,52.523547,13.349827,6079.0,1721.0,10996.7,4554.0,2.0,stabil,4,4.62,1377,4.8,50.0,81.0,100.0,100.0,4.0,7,3,10,11,29,0,45,10,1519.8,0.658,0.222,0.0
04300517,Tegeler Weg,Charlottenburg-Wilmersdorf,0.5191,52.526911,13.302161,9468.0,2784.0,18239.3,,2.0,stabil,2,4.4,818,4.7,0.0,91.2,100.0,100.0,1.0,11,3,8,7,20,2,45,15,4734.0,0.422,0.333,0.0
08200622,Jahnstraße,Neukoelln,0.667,52.461402,13.445542,5860.0,1944.0,8785.6,3262.0,4.0,stabil,2,4.3,160,4.6,0.0,72.0,50.0,50.0,1.0,5,0,6,2,4,1,23,13,2930.0,0.512,0.565,0.0
03601346,Gethsemanekirche,Pankow,0.1935,52.545419,13.414929,5888.0,1589.0,30428.9,5386.0,2.0,stabil,0,,0,,,,,,,7,1,7,14,15,4,73,24,,0.679,0.329,0.0
09501940,Güterbahnhof Köpenick,Treptow-Koepenick,0.5962,52.45563,13.584018,2759.0,671.0,4627.6,3790.0,2.0,stabil,0,,0,,,,,,,10,0,5,1,9,0,9,2,,0.0,0.222,0.0
10200628,Neue Grottkauer Straße,Marzahn-Hellersdorf,0.4986,52.529085,13.593354,6514.0,1346.0,13064.6,2953.0,4.0,stabil,3,4.33,593,4.7,33.3,60.7,33.3,100.0,1.0,2,0,9,1,5,0,15,5,2171.3,0.461,0.333,0.0
02300314,Oranienplatz,Friedrichshain-Kreuzberg,0.4439,52.503084,13.421256,7085.0,1631.0,15960.8,3688.0,3.0,positiv,19,4.48,18979,4.9,63.2,93.8,89.5,100.0,2.47,15,4,16,44,27,13,146,52,372.9,4.517,0.356,0.0
08100310,Maybachufer,Neukoelln,0.2547,52.49251,13.426616,7560.0,1951.0,29682.0,4561.0,2.0,stabil,5,4.3,1967,4.8,60.0,96.6,100.0,80.0,2.8,1,0,8,17,7,3,103,34,1512.0,1.058,0.33,0.0
04300414,Schloßstraße,Charlottenburg-Wilmersdorf,0.5626,52.514356,13.294612,10581.0,2509.0,18807.3,4723.0,2.0,stabil,1,4.6,1161,4.6,0.0,119.0,100.0,100.0,1.0,13,0,12,11,12,4,82,24,10581.0,0.473,0.293,0.0
06400841,Zehlendorf Eiche,Steglitz-Zehlendorf,1.1021,52.441293,13.265603,6191.0,1090.0,5617.5,4761.0,2.0,negativ,1,4.2,489,4.2,0.0,76.0,100.0,100.0,1.0,9,0,6,4,8,2,17,7,6191.0,0.485,0.412,0.0
05100105,Amorbacher Weg,Spandau,2.2026,52.557942,13.191547,7689.0,1477.0,3490.9,3769.0,2.0,stabil,2,4.25,2002,4.3,50.0,94.5,100.0,100.0,1.0,10,0,6,4,4,0,19,4,3844.5,0.26,0.211,0.0
07300619,Grazer Platz,Tempelhof-Schoeneberg,2.5738,52.470321,13.349927,12219.0,3031.0,4747.5,3969.0,2.0,stabil,3,4.63,612,4.8,66.7,82.5,100.0,66.7,1.0,25,0,20,3,12,3,43,15,4073.0,0.491,0.349,0.0
12200309,Scharnweberstraße,Reinickendorf,0.7077,52.566389,13.323513,11286.0,3245.0,15947.4,3350.0,4.0,stabil,13,4.19,3169,4.9,46.2,65.2,66.7,100.0,2.5,15,0,7,13,17,3,89,42,868.2,1.418,0.472,0.0
06200312,Komponistenviertel Lankwitz,Steglitz-Zehlendorf,1.2378,52.441839,13.335492,6285.0,1290.0,5077.6,4446.0,1.0,stabil,1,4.8,268,4.8,100.0,87.5,100.0,100.0,10.0,11,3,5,2,7,0,19,6,6285.0,0.159,0.316,0.0
09300920,Dorf Altglienicke,Treptow-Koepenick,4.3047,52.416191,13.534587,13253.0,2241.0,3078.7,4121.0,2.0,negativ,0,,0,,,,,,,44,0,10,3,7,0,31,7,,0.0,0.226,0.0
10100208,Bürgerpark,Marzahn-Hellersdorf,0.8111,52.5525,13.559837,10330.0,2338.0,12735.8,3086.0,3.0,stabil,5,3.7,2275,4.6,0.0,61.1,40.0,100.0,1.0,10,0,5,3,5,1,15,3,2066.0,0.581,0.2,0.0
09200510,Helmholtz-Kiez,Treptow-Koepenick,2.3309,52.470233,13.508124,8024.0,2827.0,3442.4,3640.0,2.0,stabil,3,4.4,620,4.8,0.0,101.3,100.0,100.0,1.0,23,1,11,6,19,2,37,15,2674.7,0.623,0.405,0.0
11100308,Zingster Straße West,Lichtenberg,0.9035,52.566813,13.492347,9886.0,1854.0,10941.9,2999.0,4.0,stabil,4,3.65,631,4.5,50.0,62.1,50.0,100.0,3.25,13,0,10,2,4,2,19,6,2471.5,0.607,0.316,0.0
04501045,Schaperstraße,Charlottenburg-Wilmersdorf,0.5908,52.497723,13.330825,9363.0,2107.0,15848.0,4823.0,2.0,stabil,4,3.82,4391,4.8,75.0,94.5,100.0,100.0,8.0,14,10,8,19,21,3,84,32,2340.8,0.748,0.381,0.0
01400940,Schillerpark,Mitte,0.9179,52.558757,13.357739,7094.0,1506.0,7728.5,3431.0,3.0,stabil,0,,0,,,,,,,3,0,3,1,4,1,9,2,,0.141,0.222,0.0
06100207,Mittelstraße,Steglitz-Zehlendorf,0.6797,52.451202,13.322456,8168.0,2049.0,12017.1,4318.0,2.0,stabil,0,,0,,,,,,,12,1,4,5,10,0,21,7,,0.0,0.333,0.0
03100103,Karower Chaussee,Pankow,1.8754,52.628516,13.499118,9449.0,1942.0,5038.4,3070.0,3.0,stabil,1,3.4,188,3.4,0.0,96.0,100.0,100.0,1.0,21,0,9,2,14,1,8,2,9449.0,0.212,0.25,0.0
08100102,Schillerpromenade Nord,Neukoelln,0.5896,52.478836,13.419462,8181.0,2399.0,13875.5,4042.0,2.0,positiv,6,4.62,1547,5.0,50.0,96.2,83.3,100.0,1.0,11,0,10,19,4,2,101,36,1363.5,0.978,0.356,1.0
01100310,Alexanderplatzviertel,Mitte,1.3652,52.520999,13.407812,10181.0,3084.0,7457.5,4816.0,2.0,stabil,6,4.35,19919,4.8,50.0,95.8,83.3,83.3,1.0,70,13,15,66,109,22,252,77,1696.8,2.75,0.306,0.0
02500833,Boxhagener Platz,Friedrichshain-Kreuzberg,0.3401,52.510993,13.458506,10045.0,3423.0,29535.4,4743.0,2.0,stabil,11,4.71,8323,4.9,54.5,93.3,100.0,100.0,1.82,18,1,11,48,13,15,232,84,913.2,2.588,0.362,0.0
11300723,Bornitzstraße,Lichtenberg,0.4979,52.520229,13.497072,2581.0,771.0,5183.8,3943.0,2.0,negativ,0,,0,,,,,,,7,0,5,0,5,0,8,2,,0.0,0.25,0.0
11501339,Karlshorst West,Lichtenberg,0.9942,52.487898,13.519855,10574.0,2600.0,10635.7,4244.0,2.0,negativ,0,,0,,,,,,,12,5,13,2,8,0,18,6,,0.0,0.333,0.0
03300514,Blankenburg,Pankow,4.72,52.594572,13.453779,6869.0,752.0,1455.3,,1.0,negativ,1,4.1,204,4.1,0.0,91.0,100.0,100.0,1.0,31,0,6,1,11,1,10,3,6869.0,0.291,0.3,0.0
03601453,Alter Schlachthof,Pankow,0.5773,52.523065,13.461412,3391.0,853.0,5873.9,6438.0,1.0,stabil,2,4.75,230,4.8,100.0,69.5,50.0,50.0,1.0,1,0,15,0,7,2,18,10,1695.5,1.18,0.556,0.0
12500930,Wittenau Mitte,Reinickendorf,1.6137,52.581499,13.331757,9873.0,2188.0,6118.2,3506.0,2.0,stabil,0,,0,,,,,,,28,1,8,1,6,1,18,8,,0.101,0.444,0.0
12200310,Klixstraße,Reinickendorf,0.8195,52.569978,13.308765,8284.0,2169.0,10108.6,3176.0,4.0,stabil,2,4.65,795,4.8,100.0,102.2,100.0,100.0,5.5,17,0,7,6,10,2,28,9,4142.0,0.483,0.321,0.0
04501147,Leon-Jessel-Platz,Charlottenburg-Wilmersdorf,0.2486,52.489862,13.319038,5452.0,1368.0,21930.8,4696.0,2.0,stabil,2,4.55,319,4.8,50.0,95.9,100.0,100.0,5.5,2,1,13,3,17,0,30,9,2726.0,0.367,0.3,0.0
08200832,Buckow Mitte,Neukoelln,2.0326,52.418636,13.425573,12116.0,2326.0,5960.8,3609.0,2.0,stabil,4,4.5,1177,4.7,25.0,86.4,100.0,100.0,1.0,36,0,9,4,7,2,27,12,3029.0,0.495,0.444,0.0
09100304,Baumschulenweg West,Treptow-Koepenick,1.6138,52.463535,13.483447,12007.0,2762.0,7440.2,3805.0,2.0,stabil,8,4.3,1250,4.8,37.5,74.9,75.0,100.0,1.0,23,1,14,6,8,2,42,18,1500.9,0.833,0.429,0.0
12400616,Konradshöhe/Tegelort,Reinickendorf,2.3364,52.577246,13.230877,6113.0,692.0,2616.4,5013.0,1.0,stabil,0,,0,,,,,,,20,0,6,1,6,0,13,4,,0.0,0.308,0.0
08100207,Rollberg,Neukoelln,0.3718,52.476607,13.434763,7442.0,1830.0,20016.1,3363.0,4.0,stabil,3,4.37,1013,4.8,66.7,101.7,100.0,100.0,1.0,10,0,8,3,9,1,41,13,2480.7,0.537,0.317,0.0
10100206,Wuhletalstraße,Marzahn-Hellersdorf,0.8458,52.558578,13.565491,11809.0,2557.0,13961.9,3057.0,2.0,positiv,2,4.55,295,4.6,0.0,66.0,50.0,100.0,1.0,19,0,4,2,4,0,10,2,5904.5,0.169,0.2,1.0
04500939,Eisenzahnstraße,Charlottenburg-Wilmersdorf,0.7571,52.492274,13.304766,6761.0,1764.0,8930.1,4152.0,2.0,stabil,1,4.7,229,4.7,0.0,100.0,100.0,100.0,1.0,16,1,11,1,21,0,37,13,6761.0,0.148,0.351,0.0
10200421,Helle Mitte,Marzahn-Hellersdorf,0.1639,52.537557,13.604734,1757.0,509.0,10720.0,3187.0,2.0,positiv,4,4.08,1019,4.4,25.0,95.0,75.0,75.0,1.0,9,3,2,14,13,3,48,28,439.2,3.984,0.583,1.0
04200204,Angerburger Allee,Charlottenburg-Wilmersdorf,0.3614,52.510229,13.221115,3325.0,696.0,9200.3,4196.0,2.0,stabil,0,,0,,,,,,,0,1,2,3,2,0,6,2,,0.0,0.333,0.0
07100205,Alvenslebenstraße,Tempelhof-Schoeneberg,0.3176,52.496671,13.364664,5177.0,1289.0,16300.4,3596.0,3.0,stabil,4,4.4,2187,4.6,75.0,112.5,100.0,100.0,5.5,11,0,4,5,8,3,40,12,1294.2,1.352,0.3,0.0
07601236,Marienfelder Allee Nordwest,Tempelhof-Schoeneberg,1.1472,52.41983,13.36242,10335.0,2173.0,9008.9,3493.0,2.0,positiv,2,4.05,206,4.2,100.0,86.5,50.0,100.0,1.0,19,0,9,1,9,0,23,11,5167.5,0.194,0.478,1.0
03601140,Malmöer Straße,Pankow,0.2806,52.552147,13.40192,6016.0,1724.0,21439.8,5007.0,2.0,stabil,1,4.5,173,4.5,100.0,64.0,100.0,100.0,1.0,4,0,10,2,4,0,16,6,6016.0,0.166,0.375,0.0
03400620,Schönholz,Pankow,1.9098,52.57667,13.385887,3506.0,543.0,1835.8,5107.0,1.0,negativ,0,,0,,,,,,,21,0,3,1,3,0,7,3,,0.0,0.429,0.0
08401138,Goldhähnchenweg,Neukoelln,0.1336,52.442937,13.460197,2900.0,484.0,21706.6,,3.0,stabil,2,3.9,724,4.7,50.0,105.0,100.0,100.0,5.5,0,0,0,3,0,0,9,2,1450.0,0.69,0.222,0.0
01100206,Unter den Linden,Mitte,1.2971,52.518413,13.389813,1876.0,495.0,1446.3,5076.0,2.0,stabil,2,4.65,1420,4.7,0.0,91.5,50.0,100.0,1.0,37,42,6,40,201,8,258,62,938.0,5.33,0.24,0.0
03200310,Krugpfuhl,Pankow,2.2675,52.612578,13.424773,8088.0,1191.0,3566.9,3943.0,2.0,stabil,2,4.45,755,4.6,0.0,98.5,100.0,100.0,1.0,16,0,6,3,2,0,16,4,4044.0,0.247,0.25,0.0
09200614,Oberspree,Treptow-Koepenick,1.0724,52.448556,13.537392,3804.0,638.0,3547.2,3679.0,2.0,stabil,0,,0,,,,,,,3,0,8,0,2,0,4,3,,0.0,0.75,0.0
01200629,Hansaviertel,Mitte,0.5347,52.51813,13.340847,6039.0,2138.0,11294.2,4746.0,2.0,stabil,1,3.6,87,3.6,100.0,98.0,100.0,100.0,1.0,9,2,7,3,9,2,33,13,6039.0,0.497,0.394,0.0
01100308,Charitéviertel,Mitte,1.6826,52.526502,13.377732,7297.0,2175.0,4336.7,6097.0,1.0,stabil,1,4.0,864,4.0,0.0,113.0,100.0,100.0,1.0,44,47,27,26,135,3,112,34,7297.0,0.548,0.304,0.0
08200624,Tempelhofer Weg,Neukoelln,1.1896,52.455637,13.429889,8988.0,2252.0,7555.5,3355.0,3.0,stabil,3,3.63,350,3.8,33.3,74.2,66.7,66.7,1.0,18,1,2,2,8,1,33,14,2996.0,0.445,0.424,0.0
05100314,Kurstraße,Spandau,0.4751,52.543836,13.206122,7493.0,2184.0,15771.4,3096.0,4.0,positiv,6,4.3,1826,4.7,33.3,64.2,66.7,100.0,5.67,6,0,8,8,8,2,32,14,1248.8,1.068,0.438,0.0
11200515,Weiße Taube,Lichtenberg,1.0339,52.538737,13.51141,5002.0,1207.0,4838.0,3993.0,1.0,stabil,1,4.9,166,4.9,100.0,91.0,100.0,100.0,1.0,10,0,4,0,10,1,11,5,5002.0,0.4,0.455,0.0
04300412,Schlossgarten,Charlottenburg-Wilmersdorf,1.261,52.526033,13.290644,4539.0,1437.0,3599.5,5251.0,2.0,positiv,2,4.45,522,4.5,50.0,36.0,50.0,100.0,1.0,15,0,3,2,7,2,15,6,2269.5,0.881,0.4,1.0
06200418,Landweg,Steglitz-Zehlendorf,1.1054,52.405194,13.31475,,,,,,,0,,0,,,,,,,0,0,0,0,0,0,0,0,,,,
11401034,Tierpark,Lichtenberg,1.7332,52.50438,13.527322,3379.0,798.0,1949.6,3369.0,2.0,stabil,1,3.8,176,3.8,0.0,128.0,100.0,100.0,1.0,6,1,3,0,13,1,15,3,3379.0,0.592,0.2,0.0
12500825,Borsigwalde,Reinickendorf,1.8491,52.584953,13.305343,7079.0,1807.0,3828.3,3720.0,2.0,stabil,2,4.4,456,4.6,50.0,80.0,0.0,50.0,1.0,25,1,7,2,31,0,30,9,3539.5,0.283,0.3,0.0
06300633,Augustaplatz,Steglitz-Zehlendorf,1.6679,52.441663,13.310697,11955.0,2287.0,7167.7,4566.0,2.0,stabil,3,3.7,409,4.2,66.7,94.5,66.7,100.0,1.0,22,3,25,10,13,0,43,20,3985.0,0.251,0.465,0.0
01100205,Wilhelmstraße,Mitte,0.6346,52.512041,13.380867,2917.0,1014.0,4596.6,5384.0,2.0,stabil,5,4.58,9447,4.8,60.0,62.5,20.0,40.0,2.8,17,1,9,9,87,11,134,44,583.4,5.485,0.328,0.0
02100105,Prinzenstraße,Friedrichshain-Kreuzberg,0.4234,52.500373,13.405919,9263.0,2498.0,21877.7,3517.0,4.0,positiv,2,4.35,2118,4.5,50.0,97.8,100.0,100.0,1.0,8,2,9,5,5,0,21,13,4631.5,0.216,0.619,0.0
08100521,Schulenburgpark,Neukoelln,2.1975,52.466414,13.45847,9457.0,2192.0,4303.5,2963.0,4.0,positiv,3,4.85,164,4.9,33.3,85.2,66.7,66.7,5.5,34,1,10,3,22,1,36,16,3152.3,0.423,0.444,0.0
05300838,Gartenfeld,Spandau,0.9347,52.549739,13.245978,16.0,4.0,17.1,,,,0,,0,,,,,,,6,1,1,0,5,0,4,0,,0.0,0.0,
09401330,Wendenschloß,Treptow-Koepenick,0.9643,52.420635,13.588158,1916.0,200.0,1986.9,,1.0,negativ,0,,0,,,,,,,11,0,2,0,2,0,4,0,,0.0,0.0,0.0
03200309,Eddastraße,Pankow,3.0676,52.603798,13.437727,5484.0,724.0,1787.7,4093.0,2.0,stabil,1,4.3,375,4.3,0.0,103.0,100.0,100.0,1.0,7,0,2,0,11,1,12,4,5484.0,0.365,0.333,0.0
09100408,Johannisthal Ost,Treptow-Koepenick,0.7667,52.443762,13.506845,8870.0,2111.0,11569.1,3806.0,2.0,stabil,1,4.4,21,4.4,100.0,91.0,100.0,100.0,1.0,19,0,8,5,7,0,33,12,8870.0,0.113,0.364,0.0
04100101,Jungfernheide/Plötzensee,Charlottenburg-Wilmersdorf,5.2505,52.535928,13.294032,11768.0,2843.0,2241.3,3286.0,3.0,stabil,1,4.1,308,4.1,0.0,67.0,0.0,100.0,1.0,50,2,10,7,19,1,29,11,11768.0,0.17,0.379,0.0
03601142,Falkplatz,Pankow,0.9075,52.545714,13.40741,10860.0,3087.0,11966.9,5109.0,2.0,stabil,7,4.66,2998,4.9,57.1,90.6,85.7,85.7,1.0,13,0,23,23,24,7,115,37,1551.4,1.289,0.322,0.0
03400831,Pankower Tor,Pankow,0.5348,52.574659,13.424924,,0.0,,,,,1,4.9,547,4.9,100.0,,,,1.0,8,0,0,0,1,0,1,1,0.0,,1.0,
05100209,Westerwaldstraße,Spandau,0.7471,52.549701,13.179459,11935.0,2499.0,15975.1,3129.0,3.0,positiv,1,3.5,685,3.5,100.0,105.0,100.0,100.0,1.0,9,0,6,0,2,1,3,1,11935.0,0.168,0.333,0.0
02200213,Graefekiez Nord,Friedrichshain-Kreuzberg,0.5925,52.49313,13.417159,10004.0,2605.0,16884.4,4786.0,2.0,stabil,10,4.52,8574,4.8,70.0,102.8,100.0,90.0,4.7,16,2,25,18,19,4,158,51,1000.4,1.399,0.323,0.0
03400723,Garbátyplatz,Pankow,0.608,52.569804,13.410884,7507.0,1749.0,12347.0,4265.0,2.0,stabil,4,4.58,1461,5.0,75.0,105.0,66.7,100.0,1.0,30,0,15,4,17,5,45,17,1876.8,1.199,0.378,0.0
08100418,Hertzbergplatz,Neukoelln,0.6402,52.479266,13.449988,9193.0,2502.0,14359.6,3794.0,2.0,stabil,2,3.6,705,3.7,50.0,112.0,100.0,100.0,1.0,7,5,12,13,13,1,51,17,4596.5,0.326,0.333,0.0
10300732,Buckower Ring,Marzahn-Hellersdorf,2.0597,52.524674,13.571773,7237.0,1523.0,3513.6,3378.0,2.0,stabil,1,4.0,21,4.0,0.0,81.0,100.0,100.0,1.0,7,4,9,3,6,0,17,6,7237.0,0.138,0.353,0.0
01300731,Koloniestraße,Mitte,0.6669,52.563329,13.384883,8922.0,2929.0,13378.3,3349.0,4.0,positiv,2,3.5,42,3.5,0.0,91.0,100.0,100.0,1.0,6,0,10,7,4,2,45,18,4461.0,0.448,0.4,0.0
06100103,Markelstraße,Steglitz-Zehlendorf,0.4613,52.464125,13.319356,6186.0,1427.0,13409.9,4501.0,1.0,stabil,2,4.5,783,4.7,50.0,76.5,50.0,50.0,1.0,11,2,12,8,8,3,44,18,3093.0,0.808,0.409,0.0
02400522,Richard-Sorge-Viertel,Friedrichshain-Kreuzberg,0.5545,52.521221,13.446154,11394.0,3028.0,20548.2,4693.0,2.0,stabil,2,4.35,255,4.4,0.0,0.0,0.0,100.0,1.0,4,0,11,9,13,1,56,21,5697.0,0.263,0.375,0.0
11300722,Rathaus Lichtenberg,Lichtenberg,0.8897,52.519719,13.476486,10326.0,2530.0,11606.2,4016.0,2.0,stabil,2,4.45,254,4.5,50.0,104.5,100.0,100.0,1.0,16,0,10,5,15,0,30,16,5163.0,0.194,0.533,0.0
01200624,Heidestraße,Mitte,0.688,52.532059,13.365541,6942.0,2819.0,10090.1,6114.0,1.0,positiv,1,4.8,2688,4.8,0.0,89.0,100.0,100.0,1.0,11,0,5,9,27,1,51,25,6942.0,0.288,0.49,1.0
10300731,Oberfeldstraße,Marzahn-Hellersdorf,2.7415,52.525576,13.556108,7926.0,1442.0,2891.1,4277.0,1.0,stabil,1,4.0,213,4.0,0.0,98.0,100.0,100.0,1.0,32,0,10,3,7,0,15,6,7926.0,0.126,0.4,0.0
02100106,Wassertorplatz,Friedrichshain-Kreuzberg,0.389,52.497259,13.409281,4813.0,1172.0,12372.8,3622.0,4.0,positiv,3,4.33,2417,4.5,0.0,94.3,66.7,66.7,7.0,7,1,8,6,16,0,26,5,1604.3,0.623,0.192,0.0
04200205,Flatowallee,Charlottenburg-Wilmersdorf,0.9778,52.510907,13.243865,2522.0,435.0,2579.3,4926.0,2.0,negativ,0,,0,,,,,,,1,0,4,1,4,1,10,1,,0.397,0.1,0.0
09100409,Landschaftspark Adlershof,Treptow-Koepenick,2.988,52.439313,13.513091,4096.0,922.0,1370.8,4141.0,2.0,negativ,0,,0,,,,,,,14,0,4,0,10,1,10,2,,0.244,0.2,0.0
06200317,Lankwitz Süd,Steglitz-Zehlendorf,1.4816,52.424884,13.357207,6257.0,951.0,4223.1,4151.0,2.0,stabil,0,,0,,,,,,,9,1,2,1,3,0,5,1,,0.0,0.2,0.0
04501146,Barstraße,Charlottenburg-Wilmersdorf,0.6685,52.487026,13.312076,4744.0,1253.0,7096.5,3946.0,2.0,stabil,0,,0,,,,,,,8,0,6,3,19,0,26,11,,0.0,0.423,0.0
08100206,Flughafenstraße,Neukoelln,0.4216,52.482083,13.42841,9350.0,2738.0,22177.4,3939.0,2.0,positiv,7,4.5,3218,5.0,57.1,86.4,100.0,85.7,2.5,1,1,21,23,23,5,114,42,1335.7,1.283,0.368,1.0
03400828,Spiekermann Straße,Pankow,0.3645,52.556547,13.426544,4934.0,1185.0,13536.4,4378.0,2.0,stabil,1,4.4,359,4.4,100.0,114.0,100.0,100.0,1.0,0,0,9,1,2,1,10,4,4934.0,0.405,0.4,0.0
05100316,Carl-Schurz-Straße,Spandau,1.3775,52.539245,13.196746,10505.0,2607.0,7626.1,3341.0,3.0,stabil,18,4.29,10107,4.9,44.4,96.6,83.3,94.4,5.29,40,0,17,15,26,15,94,49,583.6,3.141,0.521,0.0
11401033,Gensinger Straße,Lichtenberg,0.4533,52.511351,13.525655,6890.0,1648.0,15199.6,3486.0,2.0,stabil,1,3.4,257,3.4,0.0,0.0,0.0,100.0,1.0,9,0,3,1,7,0,10,4,6890.0,0.145,0.4,0.0
11401135,Dolgenseestraße,Lichtenberg,0.7,52.494544,13.506018,11011.0,2518.0,15730.0,3516.0,2.0,stabil,2,3.85,446,4.8,0.0,75.0,50.0,100.0,1.0,4,0,5,2,4,1,16,7,5505.5,0.272,0.438,0.0
04501041,George-Grosz-Platz,Charlottenburg-Wilmersdorf,0.4648,52.502406,13.318045,5420.0,1128.0,11660.9,5447.0,2.0,negativ,0,,0,,,,,,,3,4,8,24,51,2,140,44,,0.369,0.314,0.0
04300415,Lietzensee,Charlottenburg-Wilmersdorf,0.6331,52.50513,13.28732,6258.0,1366.0,9884.7,4856.0,2.0,stabil,2,4.55,1470,4.7,50.0,123.5,100.0,100.0,1.0,6,0,12,6,6,0,32,11,3129.0,0.32,0.344,0.0
07601238,Marienfelde Nordost,Tempelhof-Schoeneberg,1.985,52.416959,13.384437,2877.0,522.0,1449.4,,2.0,stabil,0,,0,,,,,,,25,1,2,0,13,1,16,5,,0.348,0.312,0.0
02400521,Friedenstraße,Friedrichshain-Kreuzberg,0.7315,52.520015,13.433993,8712.0,2451.0,11909.8,4638.0,2.0,stabil,1,4.2,339,4.2,0.0,106.0,100.0,100.0,1.0,13,0,12,5,3,0,29,11,8712.0,0.115,0.379,0.0
07300517,Perelsplatz,Tempelhof-Schoeneberg,0.6367,52.474355,13.333133,10082.0,2416.0,15834.8,5012.0,2.0,negativ,3,4.1,854,4.4,33.3,70.0,66.7,66.7,1.0,9,0,22,10,25,1,53,19,3360.7,0.397,0.358,0.0
06200311,Alt-Lankwitz,Steglitz-Zehlendorf,0.9938,52.438736,13.356433,4873.0,818.0,4903.4,3941.0,2.0,stabil,0,,0,,,,,,,14,1,2,3,2,0,5,2,,0.0,0.4,0.0
12100103,Breitkopfbecken,Reinickendorf,0.7205,52.571649,13.36456,7592.0,2012.0,10537.1,3439.0,3.0,positiv,0,,0,,,,,,,21,0,8,5,5,0,24,6,,0.0,0.25,0.0
10100313,Alt-Marzahn,Marzahn-Hellersdorf,1.0989,52.540209,13.551908,4981.0,1043.0,4532.7,3344.0,2.0,negativ,1,4.6,875,4.6,100.0,100.0,100.0,100.0,1.0,13,0,5,0,6,1,6,0,4981.0,0.402,0.0,0.0
07200411,Julius-Leber-Brücke,Tempelhof-Schoeneberg,0.1351,52.487891,13.360371,2741.0,620.0,20288.7,4492.0,2.0,stabil,6,4.5,3166,4.9,50.0,107.8,100.0,100.0,2.5,5,0,5,9,5,3,37,13,456.8,3.283,0.351,0.0
04501149,Nikolsburger Platz,Charlottenburg-Wilmersdorf,0.4415,52.491231,13.3268,9878.0,2271.0,22373.7,4927.0,2.0,stabil,3,4.13,692,4.9,33.3,92.3,66.7,66.7,1.0,6,0,14,13,17,3,62,26,3292.7,0.607,0.419,0.0
03701555,Sredzkistraße,Pankow,0.3146,52.538069,13.4173,7258.0,1848.0,23070.6,5508.0,2.0,stabil,6,4.67,43183,5.0,50.0,105.1,100.0,100.0,1.0,2,2,11,33,15,7,150,58,1209.7,1.791,0.387,0.0
09502043,Dammheide,Treptow-Koepenick,4.7749,52.469649,13.57252,9147.0,1419.0,1915.6,3862.0,2.0,stabil,1,4.3,71,4.3,0.0,126.0,100.0,100.0,1.0,41,0,4,1,15,0,12,4,9147.0,0.109,0.333,0.0
05200422,Werkstraße,Spandau,1.1879,52.533416,13.133675,1201.0,300.0,1011.0,,2.0,negativ,0,,0,,,,,,,11,0,6,0,4,0,4,0,,0.0,0.0,0.0
04501040,Hindemithplatz,Charlottenburg-Wilmersdorf,0.3032,52.502517,13.310375,5895.0,1321.0,19442.6,5201.0,2.0,stabil,1,4.7,260,4.7,100.0,119.0,100.0,100.0,1.0,7,1,8,13,9,0,68,29,5895.0,0.17,0.426,0.0
09502042,Mittelheide,Treptow-Koepenick,3.1962,52.46516,13.600805,4315.0,812.0,1350.0,4404.0,2.0,stabil,0,,0,,,,,,,5,0,8,1,1,0,3,3,,0.0,1.0,0.0
11100204,Falkenberg West,Lichtenberg,0.776,52.562291,13.521299,7463.0,1559.0,9617.3,3102.0,2.0,stabil,2,3.95,206,4.1,0.0,70.0,50.0,100.0,1.0,17,0,2,2,5,0,6,1,3731.5,0.268,0.167,0.0
03400827,Trelleborger Viertel,Pankow,0.4133,52.557351,13.418648,9703.0,2256.0,23476.9,4420.0,2.0,stabil,1,3.4,177,3.4,0.0,112.0,100.0,100.0,1.0,3,0,9,4,7,0,18,5,9703.0,0.103,0.278,0.0
02100102,Mehringplatz,Friedrichshain-Kreuzberg,0.6245,52.5019,13.393298,8660.0,2542.0,13867.1,3940.0,4.0,stabil,7,4.71,4330,4.9,42.9,79.3,71.4,100.0,3.71,17,2,15,4,55,6,97,37,1237.1,1.501,0.381,0.0
08100105,Silbersteinstraße,Neukoelln,0.4639,52.464572,13.42895,6338.0,2089.0,13662.4,4247.0,3.0,positiv,6,4.18,2934,4.8,50.0,115.8,100.0,100.0,2.5,14,0,3,2,2,1,38,14,1056.3,1.104,0.368,0.0
07601341,Diedersdorfer Weg,Tempelhof-Schoeneberg,3.9134,52.403792,13.368498,2225.0,339.0,568.6,,2.0,stabil,1,,0,,100.0,41.0,0.0,0.0,,25,0,4,2,17,2,15,4,2225.0,1.348,0.267,0.0
08200623,Park am Buschkrug,Neukoelln,1.1793,52.456309,13.449519,6692.0,1582.0,5674.6,3466.0,2.0,stabil,1,3.5,79,3.5,0.0,68.5,0.0,100.0,1.0,19,1,7,4,15,2,23,9,6692.0,0.448,0.391,0.0
06200422,Oberhofer Platz,Steglitz-Zehlendorf,1.3675,52.422762,13.327744,7009.0,1270.0,5125.4,4237.0,1.0,stabil,2,4.0,860,4.1,50.0,94.5,100.0,100.0,1.0,30,0,5,6,6,2,26,8,3504.5,0.571,0.308,0.0
11400927,Victoriastadt,Lichtenberg,0.3741,52.503993,13.477319,4173.0,915.0,11154.8,4710.0,2.0,stabil,1,4.4,157,4.4,0.0,110.2,100.0,100.0,1.0,5,2,8,4,7,3,27,5,4173.0,0.959,0.185,0.0
02500729,Pettenkofer Straße,Friedrichshain-Kreuzberg,0.3225,52.516795,13.472481,5407.0,1489.0,16765.9,4935.0,2.0,stabil,3,4.17,825,4.3,33.3,65.3,66.7,100.0,1.0,1,7,8,3,7,4,54,31,1802.3,1.295,0.574,0.0
01200625,Lübecker Straße,Mitte,0.3251,52.528727,13.347955,6905.0,2050.0,21239.6,3724.0,3.0,positiv,4,4.33,627,4.5,25.0,65.1,75.0,100.0,3.25,13,0,8,6,19,2,48,19,1726.2,0.869,0.396,0.0
09200511,Griechischer Park,Treptow-Koepenick,1.3586,52.460225,13.521474,13207.0,3884.0,9721.0,3611.0,2.0,stabil,5,4.08,1062,4.7,60.0,109.9,100.0,100.0,1.0,7,9,13,6,10,2,57,22,2641.4,0.53,0.386,0.0
10400940,Elsensee,Marzahn-Hellersdorf,3.1639,52.49204,13.599273,5847.0,525.0,1848.0,4394.0,1.0,stabil,0,,0,,,,,,,45,0,5,0,4,0,6,2,,0.0,0.333,0.0
12500824,Ziekowstraße/Freie Scholle,Reinickendorf,2.228,52.599324,13.29498,9681.0,1739.0,4345.2,3804.0,2.0,stabil,2,4.5,1443,4.6,50.0,78.0,50.0,100.0,1.0,17,1,11,2,5,2,13,4,4840.5,0.413,0.308,0.0
06400737,Nikolassee,Steglitz-Zehlendorf,16.4902,52.439391,13.201335,11337.0,2647.0,687.5,4958.0,1.0,negativ,1,4.8,353,4.8,100.0,77.0,0.0,100.0,1.0,46,0,14,6,16,2,40,14,11337.0,0.265,0.35,0.0
09200715,Wista,Treptow-Koepenick,2.6712,52.42955,13.535433,4259.0,1708.0,1594.4,4194.0,2.0,negativ,4,3.78,508,4.4,0.0,47.3,0.0,33.3,1.0,38,24,5,3,66,2,45,22,1064.8,1.409,0.489,0.0
08200728,Ortolanweg,Neukoelln,1.1864,52.444458,13.466117,1206.0,211.0,1016.5,,2.0,positiv,1,4.8,119,4.8,0.0,72.0,100.0,100.0,1.0,0,0,4,1,1,1,9,6,1206.0,1.658,0.667,1.0
08401243,Alt-Rudow,Neukoelln,2.5081,52.423075,13.501761,10078.0,1880.0,4018.2,3634.0,2.0,stabil,5,4.5,1328,4.9,80.0,74.4,60.0,80.0,4.6,31,0,10,2,12,2,62,26,2015.6,0.695,0.419,0.0
02200208,Rathaus Yorckstraße,Friedrichshain-Kreuzberg,0.4289,52.49582,13.384182,5745.0,1549.0,13394.7,4549.0,2.0,stabil,2,4.15,129,4.3,0.0,85.5,50.0,100.0,1.0,9,3,9,18,19,3,45,15,2872.5,0.87,0.333,0.0
08300935,Gropiusstadt Süd-West,Neukoelln,0.6773,52.427759,13.454591,7611.0,1537.0,11237.3,3310.0,2.0,stabil,4,4.17,1037,4.7,0.0,92.1,100.0,75.0,1.0,8,0,8,2,1,1,9,2,1902.8,0.657,0.222,0.0
08200727,Parchimer Allee Süd,Neukoelln,1.1568,52.441088,13.44579,8115.0,1846.0,7015.0,3426.0,2.0,stabil,1,4.6,199,4.6,100.0,76.0,100.0,100.0,1.0,15,0,11,1,2,5,21,8,8115.0,0.739,0.381,0.0
01401043,Antonstraße,Mitte,0.2989,52.547676,13.365874,7627.0,2341.0,25516.9,3492.0,4.0,positiv,4,4.33,1926,4.7,75.0,100.1,75.0,100.0,5.5,7,1,8,14,2,0,51,17,1906.8,0.524,0.333,0.0
12100206,Humboldtstraße,Reinickendorf,0.7593,52.57453,13.337562,4780.0,1120.0,6295.3,3537.0,2.0,stabil,0,,0,,,,,,,12,0,3,1,4,0,6,1,,0.0,0.167,0.0
11300620,Fennpfuhl Ost,Lichtenberg,0.5568,52.527238,13.480556,11346.0,2654.0,20377.2,3251.0,2.0,stabil,2,4.15,747,4.3,0.0,105.0,100.0,100.0,1.0,17,0,12,1,14,0,12,7,5673.0,0.176,0.583,0.0
01100311,Karl-Marx-Allee,Mitte,0.808,52.518372,13.421063,9787.0,2716.0,12112.6,4062.0,2.0,stabil,3,4.37,4060,4.9,33.3,105.3,66.7,66.7,1.0,17,0,7,5,28,3,70,16,3262.3,0.613,0.229,0.0
12100101,Letteplatz,Reinickendorf,0.7806,52.563303,13.370792,11188.0,3155.0,14332.6,3389.0,3.0,stabil,5,4.54,643,5.0,60.0,89.8,75.0,100.0,1.0,20,1,7,15,6,3,57,32,2237.6,0.715,0.561,0.0
04501042,Breitscheidplatz,Charlottenburg-Wilmersdorf,0.6037,52.503747,13.333092,3664.0,923.0,6069.2,5010.0,2.0,negativ,9,4.49,6388,4.9,22.2,84.8,75.0,75.0,2.0,33,5,3,44,79,13,227,69,407.1,6.004,0.304,0.0
01100101,Stülerstraße,Mitte,0.3669,52.507511,13.346954,3580.0,1115.0,9757.4,4721.0,2.0,stabil,1,4.3,304,4.3,100.0,93.0,100.0,100.0,1.0,10,2,3,4,40,0,20,5,3580.0,0.279,0.25,0.0
03300413,Karow Ost,Pankow,1.8643,52.607372,13.483004,3195.0,383.0,1713.8,4274.0,1.0,stabil,0,,0,,,,,,,10,0,4,0,5,0,4,1,,0.0,0.25,0.0
09200716,Dörpfeldstraße West,Treptow-Koepenick,0.9478,52.438337,13.542507,8373.0,2456.0,8834.1,3825.0,2.0,stabil,7,3.85,1002,4.3,42.9,92.6,80.0,100.0,1.0,12,0,11,4,9,4,23,10,1196.1,1.314,0.435,0.0
08200730,Handwerker-Siedlung,Neukoelln,1.3764,52.432917,13.441662,3373.0,658.0,2450.6,3428.0,2.0,stabil,0,,0,,,,,,,17,0,4,2,9,2,12,3,,0.593,0.25,0.0
01401048,Leopoldplatz,Mitte,0.4083,52.550512,13.358503,9520.0,3486.0,23316.2,3824.0,3.0,positiv,7,4.24,2496,4.8,28.6,93.0,85.7,100.0,2.29,6,3,9,17,11,3,71,30,1360.0,1.05,0.423,0.0
03400619,Wilhelmsruh,Pankow,2.1696,52.586575,13.372388,10596.0,1869.0,4883.8,4320.0,2.0,stabil,4,4.53,547,5.0,25.0,86.0,75.0,75.0,1.0,24,0,16,2,12,1,18,7,2649.0,0.472,0.389,0.0
12500927,Wittenau Nord,Reinickendorf,2.4947,52.596095,13.318507,6874.0,1244.0,2755.4,4226.0,2.0,stabil,5,4.28,847,5.0,60.0,96.2,75.0,100.0,4.0,25,1,9,4,11,2,32,9,1374.8,1.018,0.281,0.0
03200204,Blankenfelde,Pankow,13.0679,52.628864,13.392496,2423.0,425.0,185.4,,1.0,stabil,0,,0,,,,,,,21,0,7,2,2,0,9,0,,0.0,0.0,0.0
10400941,Pilgramer Straße,Marzahn-Hellersdorf,3.691,52.487257,13.614154,9743.0,941.0,2639.7,4550.0,1.0,stabil,1,4.8,28,4.8,0.0,84.0,100.0,100.0,1.0,14,0,10,0,10,0,19,6,9743.0,0.103,0.316,0.0
08100101,Hasenheide,Neukoelln,0.8664,52.483745,13.419699,4626.0,1337.0,5339.3,4388.0,2.0,positiv,1,4.2,25,4.2,0.0,116.0,100.0,100.0,1.0,0,0,15,8,3,1,46,24,4626.0,0.432,0.522,1.0
11300616,Hohenschönhausener Straße,Lichtenberg,0.417,52.535147,13.468013,5992.0,1394.0,14369.3,3316.0,4.0,stabil,2,4.6,651,4.7,50.0,52.5,50.0,100.0,1.0,5,0,5,3,7,1,14,6,2996.0,0.501,0.429,0.0
